Workbook

Sheet Sheet1
A1: brand
A2: 90210
A3: Ace Club
A4: Admiral
A5: After hours
A6: Alamo
A7: Alas
A8: Amsterdam
A9: Anchor
A10: Aristocrat
A11: Armada
A12: Ashford Blue
A13: AX Full Flavor
A14: B&B (Bulls & Bears)
... A287: XO
A288: ="99 " -> 99
A289: Action
A290: Bahrein
A291: Cali
A292: Catalina
A293: Denver
A294: Dos
A295: Ejecutivos
A296: Encanto
A297: H. Upmann
A298: Heris
A299: Iplay
A300: J&J
... A322: Studio54

Sheet RMF
B2: MARCA | C2: RMF 2023 | D2: RMF 2022 | E2: RMF 2021 | F2: RMF 2020 | G2: RMF 2019 | H2: RMF 2018 | I2: ALERTA SANITARIA (SI APARECE LA MARCA, NO APARECE) | J2: Ubicación (2023) | K2: Anterior (2017-19) | L2: Comparación | M2: LEGAL 2023 | N2: LEGAL 2017-19 | O2: Comparación
A3: {1 | B3: 90210 | C3: =IF(ISERROR(LOOKUP(2^15,SEARCH(B3,'2023'!$B$3:$B$1734,1),'2023'!$A$3:$A$1734)),"NO","SI") -> NO | D3: =IF(ISERROR(LOOKUP(2^15,SEARCH(B3,'2022'!$B$2:$B$1591,1),'2022'!$A$2:$A$1591)),"NO","SI") -> NO | E3: =IF(ISERROR(LOOKUP(2^15,SEARCH(B3,'2021'!$B$2:$B$1494,1),'2021'!$A$2:$A$1494)),"NO","SI") -> NO | F3: =IF(ISERROR(LOOKUP(2^15,SEARCH(B3,'2020'!$B$2:$B$1278,1),'2020'!$A$2:$A$1278)),"NO","SI") -> NO | G3: =IF(ISERROR(LOOKUP(2^15,SEARCH(B3,'2019'!$B$2:$B$1108,1),'2019'!$A$2:$A$1108)),"NO","SI") -> NO | H3: =IF(ISERROR(LOOKUP(2^15,SEARCH(B3,'2018'!$B$1:$B$1047,1),'2018'!$A$1:$A$1047)),"NO","SI") -> NO | I3: =IF(ISERROR(LOOKUP(2^15,SEARCH(B3,'ALERTA SANITARIA'!$B$2:$B$269,1),'2018'!$A$1:$A$1047)),"NO","SI") -> SI | J3: =IF(AND(C3="NO", I3="NO"), "Ninguno",IF(AND(C3="NO", I3="SI"), "COFEPRIS",IF(AND(C3="SI",I3="NO"),"DOF","AMBOS"))) -> COFEPRIS | K3: {=IFERROR(INDEX(Anterior!$C$1:$D$323,MATCH(B3,Anterior!$B$2:$B$323,0)+1,2),0)} -> COFEPRIS | L3: =IF(K3=J3,"coinciden",IF(K3=0,"Nuevo","Discrepan")) -> coinciden | M3: NO
A4: {2 | B4: Ace Club | C4: =IF(ISERROR(LOOKUP(2^15,SEARCH(B4,'2023'!$B$3:$B$1734,1),'2023'!$A$3:$A$1734)),"NO","SI") -> NO | D4: =IF(ISERROR(LOOKUP(2^15,SEARCH(B4,'2022'!$B$2:$B$1591,1),'2022'!$A$2:$A$1591)),"NO","SI") -> NO | E4: =IF(ISERROR(LOOKUP(2^15,SEARCH(B4,'2021'!$B$2:$B$1494,1),'2021'!$A$2:$A$1494)),"NO","SI") -> NO | F4: =IF(ISERROR(LOOKUP(2^15,SEARCH(B4,'2020'!$B$2:$B$1278,1),'2020'!$A$2:$A$1278)),"NO","SI") -> NO | G4: =IF(ISERROR(LOOKUP(2^15,SEARCH(B4,'2019'!$B$2:$B$1108,1),'2019'!$A$2:$A$1108)),"NO","SI") -> NO | H4: =IF(ISERROR(LOOKUP(2^15,SEARCH(B4,'2018'!$B$1:$B$1047,1),'2018'!$A$1:$A$1047)),"NO","SI") -> NO | I4: =IF(ISERROR(LOOKUP(2^15,SEARCH(B4,'ALERTA SANITARIA'!$B$2:$B$269,1),'2018'!$A$1:$A$1047)),"NO","SI") -> SI | J4: =IF(AND(C4="NO", I4="NO"), "Ninguno",IF(AND(C4="NO", I4="SI"), "COFEPRIS",IF(AND(C4="SI",I4="NO"),"DOF","AMBOS"))) -> COFEPRIS | K4: {=IFERROR(INDEX(Anterior!$C$1:$D$323,MATCH(B4,Anterior!$B$2:$B$323,0)+1,2),0)} -> COFEPRIS | L4: =IF(K4=J4,"coinciden",IF(K4=0,"Nuevo","Discrepan")) -> coinciden | M4: NO
A5: {3 | B5: Admiral | C5: =IF(ISERROR(LOOKUP(2^15,SEARCH(B5,'2023'!$B$3:$B$1734,1),'2023'!$A$3:$A$1734)),"NO","SI") -> NO | D5: =IF(ISERROR(LOOKUP(2^15,SEARCH(B5,'2022'!$B$2:$B$1591,1),'2022'!$A$2:$A$1591)),"NO","SI") -> NO | E5: =IF(ISERROR(LOOKUP(2^15,SEARCH(B5,'2021'!$B$2:$B$1494,1),'2021'!$A$2:$A$1494)),"NO","SI") -> NO | F5: =IF(ISERROR(LOOKUP(2^15,SEARCH(B5,'2020'!$B$2:$B$1278,1),'2020'!$A$2:$A$1278)),"NO","SI") -> NO | G5: =IF(ISERROR(LOOKUP(2^15,SEARCH(B5,'2019'!$B$2:$B$1108,1),'2019'!$A$2:$A$1108)),"NO","SI") -> NO | H5: =IF(ISERROR(LOOKUP(2^15,SEARCH(B5,'2018'!$B$1:$B$1047,1),'2018'!$A$1:$A$1047)),"NO","SI") -> NO | I5: =IF(ISERROR(LOOKUP(2^15,SEARCH(B5,'ALERTA SANITARIA'!$B$2:$B$269,1),'2018'!$A$1:$A$1047)),"NO","SI") -> SI | J5: =IF(AND(C5="NO", I5="NO"), "Ninguno",IF(AND(C5="NO", I5="SI"), "COFEPRIS",IF(AND(C5="SI",I5="NO"),"DOF","AMBOS"))) -> COFEPRIS | K5: {=IFERROR(INDEX(Anterior!$C$1:$D$323,MATCH(B5,Anterior!$B$2:$B$323,0)+1,2),0)} -> COFEPRIS | L5: =IF(K5=J5,"coinciden",IF(K5=0,"Nuevo","Discrepan")) -> coinciden | M5: NO
A6: {4 | B6: After hours | C6: =IF(ISERROR(LOOKUP(2^15,SEARCH(B6,'2023'!$B$3:$B$1734,1),'2023'!$A$3:$A$1734)),"NO","SI") -> NO | D6: =IF(ISERROR(LOOKUP(2^15,SEARCH(B6,'2022'!$B$2:$B$1591,1),'2022'!$A$2:$A$1591)),"NO","SI") -> NO | E6: =IF(ISERROR(LOOKUP(2^15,SEARCH(B6,'2021'!$B$2:$B$1494,1),'2021'!$A$2:$A$1494)),"NO","SI") -> NO | F6: =IF(ISERROR(LOOKUP(2^15,SEARCH(B6,'2020'!$B$2:$B$1278,1),'2020'!$A$2:$A$1278)),"NO","SI") -> NO | G6: =IF(ISERROR(LOOKUP(2^15,SEARCH(B6,'2019'!$B$2:$B$1108,1),'2019'!$A$2:$A$1108)),"NO","SI") -> NO | H6: =IF(ISERROR(LOOKUP(2^15,SEARCH(B6,'2018'!$B$1:$B$1047,1),'2018'!$A$1:$A$1047)),"NO","SI") -> NO | I6: =IF(ISERROR(LOOKUP(2^15,SEARCH(B6,'ALERTA SANITARIA'!$B$2:$B$269,1),'2018'!$A$1:$A$1047)),"NO","SI") -> SI | J6: =IF(AND(C6="NO", I6="NO"), "Ninguno",IF(AND(C6="NO", I6="SI"), "COFEPRIS",IF(AND(C6="SI",I6="NO"),"DOF","AMBOS"))) -> COFEPRIS | K6: {=IFERROR(INDEX(Anterior!$C$1:$D$323,MATCH(B6,Anterior!$B$2:$B$323,0)+1,2),0)} -> COFEPRIS | L6: =IF(K6=J6,"coinciden",IF(K6=0,"Nuevo","Discrepan")) -> coinciden | M6: NO
A7: {5 | B7: Alamo | C7: =IF(ISERROR(LOOKUP(2^15,SEARCH(B7,'2023'!$B$3:$B$1734,1),'2023'!$A$3:$A$1734)),"NO","SI") -> NO | D7: =IF(ISERROR(LOOKUP(2^15,SEARCH(B7,'2022'!$B$2:$B$1591,1),'2022'!$A$2:$A$1591)),"NO","SI") -> NO | E7: =IF(ISERROR(LOOKUP(2^15,SEARCH(B7,'2021'!$B$2:$B$1494,1),'2021'!$A$2:$A$1494)),"NO","SI") -> NO | F7: =IF(ISERROR(LOOKUP(2^15,SEARCH(B7,'2020'!$B$2:$B$1278,1),'2020'!$A$2:$A$1278)),"NO","SI") -> NO | G7: =IF(ISERROR(LOOKUP(2^15,SEARCH(B7,'2019'!$B$2:$B$1108,1),'2019'!$A$2:$A$1108)),"NO","SI") -> NO | H7: =IF(ISERROR(LOOKUP(2^15,SEARCH(B7,'2018'!$B$1:$B$1047,1),'2018'!$A$1:$A$1047)),"NO","SI") -> NO | I7: =IF(ISERROR(LOOKUP(2^15,SEARCH(B7,'ALERTA SANITARIA'!$B$2:$B$269,1),'2018'!$A$1:$A$1047)),"NO","SI") -> SI | J7: =IF(AND(C7="NO", I7="NO"), "Ninguno",IF(AND(C7="NO", I7="SI"), "COFEPRIS",IF(AND(C7="SI",I7="NO"),"DOF","AMBOS"))) -> COFEPRIS | K7: {=IFERROR(INDEX(Anterior!$C$1:$D$323,MATCH(B7,Anterior!$B$2:$B$323,0)+1,2),0)} -> COFEPRIS | L7: =IF(K7=J7,"coinciden",IF(K7=0,"Nuevo","Discrepan")) -> coinciden | M7: NO
A8: {6 | B8: Alas | C8: =IF(ISERROR(LOOKUP(2^15,SEARCH(B8,'2023'!$B$3:$B$1734,1),'2023'!$A$3:$A$1734)),"NO","SI") -> SI | D8: =IF(ISERROR(LOOKUP(2^15,SEARCH(B8,'2022'!$B$2:$B$1591,1),'2022'!$A$2:$A$1591)),"NO","SI") -> SI | E8: =IF(ISERROR(LOOKUP(2^15,SEARCH(B8,'2021'!$B$2:$B$1494,1),'2021'!$A$2:$A$1494)),"NO","SI") -> SI | F8: =IF(ISERROR(LOOKUP(2^15,SEARCH(B8,'2020'!$B$2:$B$1278,1),'2020'!$A$2:$A$1278)),"NO","SI") -> SI | G8: =IF(ISERROR(LOOKUP(2^15,SEARCH(B8,'2019'!$B$2:$B$1108,1),'2019'!$A$2:$A$1108)),"NO","SI") -> SI | H8: =IF(ISERROR(LOOKUP(2^15,SEARCH(B8,'2018'!$B$1:$B$1047,1),'2018'!$A$1:$A$1047)),"NO","SI") -> SI | I8: =IF(ISERROR(LOOKUP(2^15,SEARCH(B8,'ALERTA SANITARIA'!$B$2:$B$269,1),'2018'!$A$1:$A$1047)),"NO","SI") -> NO | J8: =IF(AND(C8="NO", I8="NO"), "Ninguno",IF(AND(C8="NO", I8="SI"), "COFEPRIS",IF(AND(C8="SI",I8="NO"),"DOF","AMBOS"))) -> DOF | K8: {=IFERROR(INDEX(Anterior!$C$1:$D$323,MATCH(B8,Anterior!$B$2:$B$323,0)+1,2),0)} -> DOF | L8: =IF(K8=J8,"coinciden",IF(K8=0,"Nuevo","Discrepan")) -> coinciden | M8: SI
A9: {7 | B9: Amsterdam | C9: =IF(ISERROR(LOOKUP(2^15,SEARCH(B9,'2023'!$B$3:$B$1734,1),'2023'!$A$3:$A$1734)),"NO","SI") -> NO | D9: =IF(ISERROR(LOOKUP(2^15,SEARCH(B9,'2022'!$B$2:$B$1591,1),'2022'!$A$2:$A$1591)),"NO","SI") -> NO | E9: =IF(ISERROR(LOOKUP(2^15,SEARCH(B9,'2021'!$B$2:$B$1494,1),'2021'!$A$2:$A$1494)),"NO","SI") -> NO | F9: =IF(ISERROR(LOOKUP(2^15,SEARCH(B9,'2020'!$B$2:$B$1278,1),'2020'!$A$2:$A$1278)),"NO","SI") -> NO | G9: =IF(ISERROR(LOOKUP(2^15,SEARCH(B9,'2019'!$B$2:$B$1108,1),'2019'!$A$2:$A$1108)),"NO","SI") -> NO | H9: =IF(ISERROR(LOOKUP(2^15,SEARCH(B9,'2018'!$B$1:$B$1047,1),'2018'!$A$1:$A$1047)),"NO","SI") -> NO | I9: =IF(ISERROR(LOOKUP(2^15,SEARCH(B9,'ALERTA SANITARIA'!$B$2:$B$269,1),'2018'!$A$1:$A$1047)),"NO","SI") -> SI | J9: =IF(AND(C9="NO", I9="NO"), "Ninguno",IF(AND(C9="NO", I9="SI"), "COFEPRIS",IF(AND(C9="SI",I9="NO"),"DOF","AMBOS"))) -> COFEPRIS | K9: {=IFERROR(INDEX(Anterior!$C$1:$D$323,MATCH(B9,Anterior!$B$2:$B$323,0)+1,2),0)} -> COFEPRIS | L9: =IF(K9=J9,"coinciden",IF(K9=0,"Nuevo","Discrepan")) -> coinciden
A10: {8 | B10: Anchor | C10: =IF(ISERROR(LOOKUP(2^15,SEARCH(B10,'2023'!$B$3:$B$1734,1),'2023'!$A$3:$A$1734)),"NO","SI") -> NO | D10: =IF(ISERROR(LOOKUP(2^15,SEARCH(B10,'2022'!$B$2:$B$1591,1),'2022'!$A$2:$A$1591)),"NO","SI") -> NO | E10: =IF(ISERROR(LOOKUP(2^15,SEARCH(B10,'2021'!$B$2:$B$1494,1),'2021'!$A$2:$A$1494)),"NO","SI") -> NO | F10: =IF(ISERROR(LOOKUP(2^15,SEARCH(B10,'2020'!$B$2:$B$1278,1),'2020'!$A$2:$A$1278)),"NO","SI") -> NO | G10: =IF(ISERROR(LOOKUP(2^15,SEARCH(B10,'2019'!$B$2:$B$1108,1),'2019'!$A$2:$A$1108)),"NO","SI") -> NO | H10: =IF(ISERROR(LOOKUP(2^15,SEARCH(B10,'2018'!$B$1:$B$1047,1),'2018'!$A$1:$A$1047)),"NO","SI") -> NO | I10: =IF(ISERROR(LOOKUP(2^15,SEARCH(B10,'ALERTA SANITARIA'!$B$2:$B$269,1),'2018'!$A$1:$A$1047)),"NO","SI") -> SI | J10: =IF(AND(C10="NO", I10="NO"), "Ninguno",IF(AND(C10="NO", I10="SI"), "COFEPRIS",IF(AND(C10="SI",I10="NO"),"DOF","AMBOS"))) -> COFEPRIS | K10: {=IFERROR(INDEX(Anterior!$C$1:$D$323,MATCH(B10,Anterior!$B$2:$B$323,0)+1,2),0)} -> COFEPRIS | L10: =IF(K10=J10,"coinciden",IF(K10=0,"Nuevo","Discrepan")) -> coinciden
A11: {9 | B11: Aristocrat | C11: =IF(ISERROR(LOOKUP(2^15,SEARCH(B11,'2023'!$B$3:$B$1734,1),'2023'!$A$3:$A$1734)),"NO","SI") -> NO | D11: =IF(ISERROR(LOOKUP(2^15,SEARCH(B11,'2022'!$B$2:$B$1591,1),'2022'!$A$2:$A$1591)),"NO","SI") -> NO | E11: =IF(ISERROR(LOOKUP(2^15,SEARCH(B11,'2021'!$B$2:$B$1494,1),'2021'!$A$2:$A$1494)),"NO","SI") -> NO | F11: =IF(ISERROR(LOOKUP(2^15,SEARCH(B11,'2020'!$B$2:$B$1278,1),'2020'!$A$2:$A$1278)),"NO","SI") -> NO | G11: =IF(ISERROR(LOOKUP(2^15,SEARCH(B11,'2019'!$B$2:$B$1108,1),'2019'!$A$2:$A$1108)),"NO","SI") -> NO | H11: =IF(ISERROR(LOOKUP(2^15,SEARCH(B11,'2018'!$B$1:$B$1047,1),'2018'!$A$1:$A$1047)),"NO","SI") -> NO | I11: =IF(ISERROR(LOOKUP(2^15,SEARCH(B11,'ALERTA SANITARIA'!$B$2:$B$269,1),'2018'!$A$1:$A$1047)),"NO","SI") -> SI | J11: =IF(AND(C11="NO", I11="NO"), "Ninguno",IF(AND(C11="NO", I11="SI"), "COFEPRIS",IF(AND(C11="SI",I11="NO"),"DOF","AMBOS"))) -> COFEPRIS | K11: {=IFERROR(INDEX(Anterior!$C$1:$D$323,MATCH(B11,Anterior!$B$2:$B$323,0)+1,2),0)} -> COFEPRIS | L11: =IF(K11=J11,"coinciden",IF(K11=0,"Nuevo","Discrepan")) -> coinciden
A12: {10 | B12: Armada | C12: =IF(ISERROR(LOOKUP(2^15,SEARCH(B12,'2023'!$B$3:$B$1734,1),'2023'!$A$3:$A$1734)),"NO","SI") -> SI | D12: =IF(ISERROR(LOOKUP(2^15,SEARCH(B12,'2022'!$B$2:$B$1591,1),'2022'!$A$2:$A$1591)),"NO","SI") -> SI | E12: =IF(ISERROR(LOOKUP(2^15,SEARCH(B12,'2021'!$B$2:$B$1494,1),'2021'!$A$2:$A$1494)),"NO","SI") -> SI | F12: =IF(ISERROR(LOOKUP(2^15,SEARCH(B12,'2020'!$B$2:$B$1278,1),'2020'!$A$2:$A$1278)),"NO","SI") -> SI | G12: =IF(ISERROR(LOOKUP(2^15,SEARCH(B12,'2019'!$B$2:$B$1108,1),'2019'!$A$2:$A$1108)),"NO","SI") -> SI | H12: =IF(ISERROR(LOOKUP(2^15,SEARCH(B12,'2018'!$B$1:$B$1047,1),'2018'!$A$1:$A$1047)),"NO","SI") -> SI | I12: =IF(ISERROR(LOOKUP(2^15,SEARCH(B12,'ALERTA SANITARIA'!$B$2:$B$269,1),'2018'!$A$1:$A$1047)),"NO","SI") -> SI | J12: =IF(AND(C12="NO", I12="NO"), "Ninguno",IF(AND(C12="NO", I12="SI"), "COFEPRIS",IF(AND(C12="SI",I12="NO"),"DOF","AMBOS"))) -> AMBOS | K12: {=IFERROR(INDEX(Anterior!$C$1:$D$323,MATCH(B12,Anterior!$B$2:$B$323,0)+1,2),0)} -> COFEPRIS | L12: =IF(K12=J12,"coinciden",IF(K12=0,"Nuevo","Discrepan")) -> Discrepan | M12: NO
A13: {11 | B13: Ashford Blue | C13: =IF(ISERROR(LOOKUP(2^15,SEARCH(B13,'2023'!$B$3:$B$1734,1),'2023'!$A$3:$A$1734)),"NO","SI") -> NO | D13: =IF(ISERROR(LOOKUP(2^15,SEARCH(B13,'2022'!$B$2:$B$1591,1),'2022'!$A$2:$A$1591)),"NO","SI") -> NO | E13: =IF(ISERROR(LOOKUP(2^15,SEARCH(B13,'2021'!$B$2:$B$1494,1),'2021'!$A$2:$A$1494)),"NO","SI") -> NO | F13: =IF(ISERROR(LOOKUP(2^15,SEARCH(B13,'2020'!$B$2:$B$1278,1),'2020'!$A$2:$A$1278)),"NO","SI") -> NO | G13: =IF(ISERROR(LOOKUP(2^15,SEARCH(B13,'2019'!$B$2:$B$1108,1),'2019'!$A$2:$A$1108)),"NO","SI") -> NO | H13: =IF(ISERROR(LOOKUP(2^15,SEARCH(B13,'2018'!$B$1:$B$1047,1),'2018'!$A$1:$A$1047)),"NO","SI") -> NO | I13: =IF(ISERROR(LOOKUP(2^15,SEARCH(B13,'ALERTA SANITARIA'!$B$2:$B$269,1),'2018'!$A$1:$A$1047)),"NO","SI") -> SI | J13: =IF(AND(C13="NO", I13="NO"), "Ninguno",IF(AND(C13="NO", I13="SI"), "COFEPRIS",IF(AND(C13="SI",I13="NO"),"DOF","AMBOS"))) -> COFEPRIS | K13: {=IFERROR(INDEX(Anterior!$C$1:$D$323,MATCH(B13,Anterior!$B$2:$B$323,0)+1,2),0)} -> 0 | L13: =IF(K13=J13,"coinciden",IF(K13=0,"Nuevo","Discrepan")) -> Nuevo
A14: {12 | B14: AX Full Flavor | C14: =IF(ISERROR(LOOKUP(2^15,SEARCH(B14,'2023'!$B$3:$B$1734,1),'2023'!$A$3:$A$1734)),"NO","SI") -> NO | D14: =IF(ISERROR(LOOKUP(2^15,SEARCH(B14,'2022'!$B$2:$B$1591,1),'2022'!$A$2:$A$1591)),"NO","SI") -> NO | E14: =IF(ISERROR(LOOKUP(2^15,SEARCH(B14,'2021'!$B$2:$B$1494,1),'2021'!$A$2:$A$1494)),"NO","SI") -> NO | F14: =IF(ISERROR(LOOKUP(2^15,SEARCH(B14,'2020'!$B$2:$B$1278,1),'2020'!$A$2:$A$1278)),"NO","SI") -> NO | G14: =IF(ISERROR(LOOKUP(2^15,SEARCH(B14,'2019'!$B$2:$B$1108,1),'2019'!$A$2:$A$1108)),"NO","SI") -> NO | H14: =IF(ISERROR(LOOKUP(2^15,SEARCH(B14,'2018'!$B$1:$B$1047,1),'2018'!$A$1:$A$1047)),"NO","SI") -> NO | I14: =IF(ISERROR(LOOKUP(2^15,SEARCH(B14,'ALERTA SANITARIA'!$B$2:$B$269,1),'2018'!$A$1:$A$1047)),"NO","SI") -> SI | J14: =IF(AND(C14="NO", I14="NO"), "Ninguno",IF(AND(C14="NO", I14="SI"), "COFEPRIS",IF(AND(C14="SI",I14="NO"),"DOF","AMBOS"))) -> COFEPRIS | K14: {=IFERROR(INDEX(Anterior!$C$1:$D$323,MATCH(B14,Anterior!$B$2:$B$323,0)+1,2),0)} -> COFEPRIS | L14: =IF(K14=J14,"coinciden",IF(K14=0,"Nuevo","Discrepan")) -> coinciden
A15: {13 | B15: B&B (Bulls & Bears) | C15: =IF(ISERROR(LOOKUP(2^15,SEARCH(B15,'2023'!$B$3:$B$1734,1),'2023'!$A$3:$A$1734)),"NO","SI") -> NO | D15: =IF(ISERROR(LOOKUP(2^15,SEARCH(B15,'2022'!$B$2:$B$1591,1),'2022'!$A$2:$A$1591)),"NO","SI") -> NO | E15: =IF(ISERROR(LOOKUP(2^15,SEARCH(B15,'2021'!$B$2:$B$1494,1),'2021'!$A$2:$A$1494)),"NO","SI") -> NO | F15: =IF(ISERROR(LOOKUP(2^15,SEARCH(B15,'2020'!$B$2:$B$1278,1),'2020'!$A$2:$A$1278)),"NO","SI") -> NO | G15: =IF(ISERROR(LOOKUP(2^15,SEARCH(B15,'2019'!$B$2:$B$1108,1),'2019'!$A$2:$A$1108)),"NO","SI") -> NO | H15: =IF(ISERROR(LOOKUP(2^15,SEARCH(B15,'2018'!$B$1:$B$1047,1),'2018'!$A$1:$A$1047)),"NO","SI") -> NO | I15: =IF(ISERROR(LOOKUP(2^15,SEARCH(B15,'ALERTA SANITARIA'!$B$2:$B$269,1),'2018'!$A$1:$A$1047)),"NO","SI") -> SI | J15: =IF(AND(C15="NO", I15="NO"), "Ninguno",IF(AND(C15="NO", I15="SI"), "COFEPRIS",IF(AND(C15="SI",I15="NO"),"DOF","AMBOS"))) -> COFEPRIS | K15: {=IFERROR(INDEX(Anterior!$C$1:$D$323,MATCH(B15,Anterior!$B$2:$B$323,0)+1,2),0)} -> 0 | L15: =IF(K15=J15,"coinciden",IF(K15=0,"Nuevo","Discrepan")) -> Nuevo
A16: {14 | B16: B&J | C16: =IF(ISERROR(LOOKUP(2^15,SEARCH(B16,'2023'!$B$3:$B$1734,1),'2023'!$A$3:$A$1734)),"NO","SI") -> NO | D16: =IF(ISERROR(LOOKUP(2^15,SEARCH(B16,'2022'!$B$2:$B$1591,1),'2022'!$A$2:$A$1591)),"NO","SI") -> NO | E16: =IF(ISERROR(LOOKUP(2^15,SEARCH(B16,'2021'!$B$2:$B$1494,1),'2021'!$A$2:$A$1494)),"NO","SI") -> NO | F16: =IF(ISERROR(LOOKUP(2^15,SEARCH(B16,'2020'!$B$2:$B$1278,1),'2020'!$A$2:$A$1278)),"NO","SI") -> NO | G16: =IF(ISERROR(LOOKUP(2^15,SEARCH(B16,'2019'!$B$2:$B$1108,1),'2019'!$A$2:$A$1108)),"NO","SI") -> NO | H16: =IF(ISERROR(LOOKUP(2^15,SEARCH(B16,'2018'!$B$1:$B$1047,1),'2018'!$A$1:$A$1047)),"NO","SI") -> NO | I16: =IF(ISERROR(LOOKUP(2^15,SEARCH(B16,'ALERTA SANITARIA'!$B$2:$B$269,1),'2018'!$A$1:$A$1047)),"NO","SI") -> SI | J16: =IF(AND(C16="NO", I16="NO"), "Ninguno",IF(AND(C16="NO", I16="SI"), "COFEPRIS",IF(AND(C16="SI",I16="NO"),"DOF","AMBOS"))) -> COFEPRIS | K16: {=IFERROR(INDEX(Anterior!$C$1:$D$323,MATCH(B16,Anterior!$B$2:$B$323,0)+1,2),0)} -> COFEPRIS | L16: =IF(K16=J16,"coinciden",IF(K16=0,"Nuevo","Discrepan")) -> coinciden
A17: {15 | B17: Baronet | C17: =IF(ISERROR(LOOKUP(2^15,SEARCH(B17,'2023'!$B$3:$B$1734,1),'2023'!$A$3:$A$1734)),"NO","SI") -> SI | D17: =IF(ISERROR(LOOKUP(2^15,SEARCH(B17,'2022'!$B$2:$B$1591,1),'2022'!$A$2:$A$1591)),"NO","SI") -> SI | E17: =IF(ISERROR(LOOKUP(2^15,SEARCH(B17,'2021'!$B$2:$B$1494,1),'2021'!$A$2:$A$1494)),"NO","SI") -> SI | F17: =IF(ISERROR(LOOKUP(2^15,SEARCH(B17,'2020'!$B$2:$B$1278,1),'2020'!$A$2:$A$1278)),"NO","SI") -> SI | G17: =IF(ISERROR(LOOKUP(2^15,SEARCH(B17,'2019'!$B$2:$B$1108,1),'2019'!$A$2:$A$1108)),"NO","SI") -> SI | H17: =IF(ISERROR(LOOKUP(2^15,SEARCH(B17,'2018'!$B$1:$B$1047,1),'2018'!$A$1:$A$1047)),"NO","SI") -> SI | I17: =IF(ISERROR(LOOKUP(2^15,SEARCH(B17,'ALERTA SANITARIA'!$B$2:$B$269,1),'2018'!$A$1:$A$1047)),"NO","SI") -> NO | J17: =IF(AND(C17="NO", I17="NO"), "Ninguno",IF(AND(C17="NO", I17="SI"), "COFEPRIS",IF(AND(C17="SI",I17="NO"),"DOF","AMBOS"))) -> DOF | K17: {=IFERROR(INDEX(Anterior!$C$1:$D$323,MATCH(B17,Anterior!$B$2:$B$323,0)+1,2),0)} -> DOF | L17: =IF(K17=J17,"coinciden",IF(K17=0,"Nuevo","Discrepan")) -> coinciden
A18: {16 | B18: Benson & Hedges | C18: =IF(ISERROR(LOOKUP(2^15,SEARCH(B18,'2023'!$B$3:$B$1734,1),'2023'!$A$3:$A$1734)),"NO","SI") -> SI | D18: =IF(ISERROR(LOOKUP(2^15,SEARCH(B18,'2022'!$B$2:$B$1591,1),'2022'!$A$2:$A$1591)),"NO","SI") -> SI | E18: =IF(ISERROR(LOOKUP(2^15,SEARCH(B18,'2021'!$B$2:$B$1494,1),'2021'!$A$2:$A$1494)),"NO","SI") -> SI | F18: =IF(ISERROR(LOOKUP(2^15,SEARCH(B18,'2020'!$B$2:$B$1278,1),'2020'!$A$2:$A$1278)),"NO","SI") -> SI | G18: =IF(ISERROR(LOOKUP(2^15,SEARCH(B18,'2019'!$B$2:$B$1108,1),'2019'!$A$2:$A$1108)),"NO","SI") -> SI | H18: =IF(ISERROR(LOOKUP(2^15,SEARCH(B18,'2018'!$B$1:$B$1047,1),'2018'!$A$1:$A$1047)),"NO","SI") -> SI | I18: =IF(ISERROR(LOOKUP(2^15,SEARCH(B18,'ALERTA SANITARIA'!$B$2:$B$269,1),'2018'!$A$1:$A$1047)),"NO","SI") -> NO | J18: =IF(AND(C18="NO", I18="NO"), "Ninguno",IF(AND(C18="NO", I18="SI"), "COFEPRIS",IF(AND(C18="SI",I18="NO"),"DOF","AMBOS"))) -> DOF | K18: {=IFERROR(INDEX(Anterior!$C$1:$D$323,MATCH(B18,Anterior!$B$2:$B$323,0)+1,2),0)} -> DOF | L18: =IF(K18=J18,"coinciden",IF(K18=0,"Nuevo","Discrepan")) -> coinciden
A19: {17 | B19: Bentley | C19: =IF(ISERROR(LOOKUP(2^15,SEARCH(B19,'2023'!$B$3:$B$1734,1),'2023'!$A$3:$A$1734)),"NO","SI") -> NO | D19: =IF(ISERROR(LOOKUP(2^15,SEARCH(B19,'2022'!$B$2:$B$1591,1),'2022'!$A$2:$A$1591)),"NO","SI") -> NO | E19: =IF(ISERROR(LOOKUP(2^15,SEARCH(B19,'2021'!$B$2:$B$1494,1),'2021'!$A$2:$A$1494)),"NO","SI") -> NO | F19: =IF(ISERROR(LOOKUP(2^15,SEARCH(B19,'2020'!$B$2:$B$1278,1),'2020'!$A$2:$A$1278)),"NO","SI") -> NO | G19: =IF(ISERROR(LOOKUP(2^15,SEARCH(B19,'2019'!$B$2:$B$1108,1),'2019'!$A$2:$A$1108)),"NO","SI") -> NO | H19: =IF(ISERROR(LOOKUP(2^15,SEARCH(B19,'2018'!$B$1:$B$1047,1),'2018'!$A$1:$A$1047)),"NO","SI") -> NO | I19: =IF(ISERROR(LOOKUP(2^15,SEARCH(B19,'ALERTA SANITARIA'!$B$2:$B$269,1),'2018'!$A$1:$A$1047)),"NO","SI") -> SI | J19: =IF(AND(C19="NO", I19="NO"), "Ninguno",IF(AND(C19="NO", I19="SI"), "COFEPRIS",IF(AND(C19="SI",I19="NO"),"DOF","AMBOS"))) -> COFEPRIS | K19: {=IFERROR(INDEX(Anterior!$C$1:$D$323,MATCH(B19,Anterior!$B$2:$B$323,0)+1,2),0)} -> COFEPRIS | L19: =IF(K19=J19,"coinciden",IF(K19=0,"Nuevo","Discrepan")) -> coinciden
A20: {18 | B20: Biasha Nise | C20: =IF(ISERROR(LOOKUP(2^15,SEARCH(B20,'2023'!$B$3:$B$1734,1),'2023'!$A$3:$A$1734)),"NO","SI") -> NO | D20: =IF(ISERROR(LOOKUP(2^15,SEARCH(B20,'2022'!$B$2:$B$1591,1),'2022'!$A$2:$A$1591)),"NO","SI") -> NO | E20: =IF(ISERROR(LOOKUP(2^15,SEARCH(B20,'2021'!$B$2:$B$1494,1),'2021'!$A$2:$A$1494)),"NO","SI") -> NO | F20: =IF(ISERROR(LOOKUP(2^15,SEARCH(B20,'2020'!$B$2:$B$1278,1),'2020'!$A$2:$A$1278)),"NO","SI") -> NO | G20: =IF(ISERROR(LOOKUP(2^15,SEARCH(B20,'2019'!$B$2:$B$1108,1),'2019'!$A$2:$A$1108)),"NO","SI") -> NO | H20: =IF(ISERROR(LOOKUP(2^15,SEARCH(B20,'2018'!$B$1:$B$1047,1),'2018'!$A$1:$A$1047)),"NO","SI") -> NO | I20: =IF(ISERROR(LOOKUP(2^15,SEARCH(B20,'ALERTA SANITARIA'!$B$2:$B$269,1),'2018'!$A$1:$A$1047)),"NO","SI") -> SI | J20: =IF(AND(C20="NO", I20="NO"), "Ninguno",IF(AND(C20="NO", I20="SI"), "COFEPRIS",IF(AND(C20="SI",I20="NO"),"DOF","AMBOS"))) -> COFEPRIS | K20: {=IFERROR(INDEX(Anterior!$C$1:$D$323,MATCH(B20,Anterior!$B$2:$B$323,0)+1,2),0)} -> COFEPRIS | L20: =IF(K20=J20,"coinciden",IF(K20=0,"Nuevo","Discrepan")) -> coinciden
A21: {19 | B21: Big Chief | C21: =IF(ISERROR(LOOKUP(2^15,SEARCH(B21,'2023'!$B$3:$B$1734,1),'2023'!$A$3:$A$1734)),"NO","SI") -> NO | D21: =IF(ISERROR(LOOKUP(2^15,SEARCH(B21,'2022'!$B$2:$B$1591,1),'2022'!$A$2:$A$1591)),"NO","SI") -> NO | E21: =IF(ISERROR(LOOKUP(2^15,SEARCH(B21,'2021'!$B$2:$B$1494,1),'2021'!$A$2:$A$1494)),"NO","SI") -> NO | F21: =IF(ISERROR(LOOKUP(2^15,SEARCH(B21,'2020'!$B$2:$B$1278,1),'2020'!$A$2:$A$1278)),"NO","SI") -> NO | G21: =IF(ISERROR(LOOKUP(2^15,SEARCH(B21,'2019'!$B$2:$B$1108,1),'2019'!$A$2:$A$1108)),"NO","SI") -> NO | H21: =IF(ISERROR(LOOKUP(2^15,SEARCH(B21,'2018'!$B$1:$B$1047,1),'2018'!$A$1:$A$1047)),"NO","SI") -> NO | I21: =IF(ISERROR(LOOKUP(2^15,SEARCH(B21,'ALERTA SANITARIA'!$B$2:$B$269,1),'2018'!$A$1:$A$1047)),"NO","SI") -> SI | J21: =IF(AND(C21="NO", I21="NO"), "Ninguno",IF(AND(C21="NO", I21="SI"), "COFEPRIS",IF(AND(C21="SI",I21="NO"),"DOF","AMBOS"))) -> COFEPRIS | K21: {=IFERROR(INDEX(Anterior!$C$1:$D$323,MATCH(B21,Anterior!$B$2:$B$323,0)+1,2),0)} -> COFEPRIS | L21: =IF(K21=J21,"coinciden",IF(K21=0,"Nuevo","Discrepan")) -> coinciden
A22: {20 | B22: Birmingham | C22: =IF(ISERROR(LOOKUP(2^15,SEARCH(B22,'2023'!$B$3:$B$1734,1),'2023'!$A$3:$A$1734)),"NO","SI") -> NO | D22: =IF(ISERROR(LOOKUP(2^15,SEARCH(B22,'2022'!$B$2:$B$1591,1),'2022'!$A$2:$A$1591)),"NO","SI") -> NO | E22: =IF(ISERROR(LOOKUP(2^15,SEARCH(B22,'2021'!$B$2:$B$1494,1),'2021'!$A$2:$A$1494)),"NO","SI") -> NO | F22: =IF(ISERROR(LOOKUP(2^15,SEARCH(B22,'2020'!$B$2:$B$1278,1),'2020'!$A$2:$A$1278)),"NO","SI") -> NO | G22: =IF(ISERROR(LOOKUP(2^15,SEARCH(B22,'2019'!$B$2:$B$1108,1),'2019'!$A$2:$A$1108)),"NO","SI") -> NO | H22: =IF(ISERROR(LOOKUP(2^15,SEARCH(B22,'2018'!$B$1:$B$1047,1),'2018'!$A$1:$A$1047)),"NO","SI") -> NO | I22: =IF(ISERROR(LOOKUP(2^15,SEARCH(B22,'ALERTA SANITARIA'!$B$2:$B$269,1),'2018'!$A$1:$A$1047)),"NO","SI") -> SI | J22: =IF(AND(C22="NO", I22="NO"), "Ninguno",IF(AND(C22="NO", I22="SI"), "COFEPRIS",IF(AND(C22="SI",I22="NO"),"DOF","AMBOS"))) -> COFEPRIS | K22: {=IFERROR(INDEX(Anterior!$C$1:$D$323,MATCH(B22,Anterior!$B$2:$B$323,0)+1,2),0)} -> COFEPRIS | L22: =IF(K22=J22,"coinciden",IF(K22=0,"Nuevo","Discrepan")) -> coinciden
A23: {21 | B23: Black and White | C23: =IF(ISERROR(LOOKUP(2^15,SEARCH(B23,'2023'!$B$3:$B$1734,1),'2023'!$A$3:$A$1734)),"NO","SI") -> NO | D23: =IF(ISERROR(LOOKUP(2^15,SEARCH(B23,'2022'!$B$2:$B$1591,1),'2022'!$A$2:$A$1591)),"NO","SI") -> NO | E23: =IF(ISERROR(LOOKUP(2^15,SEARCH(B23,'2021'!$B$2:$B$1494,1),'2021'!$A$2:$A$1494)),"NO","SI") -> NO | F23: =IF(ISERROR(LOOKUP(2^15,SEARCH(B23,'2020'!$B$2:$B$1278,1),'2020'!$A$2:$A$1278)),"NO","SI") -> NO | G23: =IF(ISERROR(LOOKUP(2^15,SEARCH(B23,'2019'!$B$2:$B$1108,1),'2019'!$A$2:$A$1108)),"NO","SI") -> NO | H23: =IF(ISERROR(LOOKUP(2^15,SEARCH(B23,'2018'!$B$1:$B$1047,1),'2018'!$A$1:$A$1047)),"NO","SI") -> NO | I23: =IF(ISERROR(LOOKUP(2^15,SEARCH(B23,'ALERTA SANITARIA'!$B$2:$B$269,1),'2018'!$A$1:$A$1047)),"NO","SI") -> SI | J23: =IF(AND(C23="NO", I23="NO"), "Ninguno",IF(AND(C23="NO", I23="SI"), "COFEPRIS",IF(AND(C23="SI",I23="NO"),"DOF","AMBOS"))) -> COFEPRIS | K23: {=IFERROR(INDEX(Anterior!$C$1:$D$323,MATCH(B23,Anterior!$B$2:$B$323,0)+1,2),0)} -> COFEPRIS | L23: =IF(K23=J23,"coinciden",IF(K23=0,"Nuevo","Discrepan")) -> coinciden
A24: {22 | B24: Black Horse Stallion | C24: =IF(ISERROR(LOOKUP(2^15,SEARCH(B24,'2023'!$B$3:$B$1734,1),'2023'!$A$3:$A$1734)),"NO","SI") -> NO | D24: =IF(ISERROR(LOOKUP(2^15,SEARCH(B24,'2022'!$B$2:$B$1591,1),'2022'!$A$2:$A$1591)),"NO","SI") -> NO | E24: =IF(ISERROR(LOOKUP(2^15,SEARCH(B24,'2021'!$B$2:$B$1494,1),'2021'!$A$2:$A$1494)),"NO","SI") -> NO | F24: =IF(ISERROR(LOOKUP(2^15,SEARCH(B24,'2020'!$B$2:$B$1278,1),'2020'!$A$2:$A$1278)),"NO","SI") -> NO | G24: =IF(ISERROR(LOOKUP(2^15,SEARCH(B24,'2019'!$B$2:$B$1108,1),'2019'!$A$2:$A$1108)),"NO","SI") -> NO | H24: =IF(ISERROR(LOOKUP(2^15,SEARCH(B24,'2018'!$B$1:$B$1047,1),'2018'!$A$1:$A$1047)),"NO","SI") -> NO | I24: =IF(ISERROR(LOOKUP(2^15,SEARCH(B24,'ALERTA SANITARIA'!$B$2:$B$269,1),'2018'!$A$1:$A$1047)),"NO","SI") -> SI | J24: =IF(AND(C24="NO", I24="NO"), "Ninguno",IF(AND(C24="NO", I24="SI"), "COFEPRIS",IF(AND(C24="SI",I24="NO"),"DOF","AMBOS"))) -> COFEPRIS | K24: {=IFERROR(INDEX(Anterior!$C$1:$D$323,MATCH(B24,Anterior!$B$2:$B$323,0)+1,2),0)} -> COFEPRIS | L24: =IF(K24=J24,"coinciden",IF(K24=0,"Nuevo","Discrepan")) -> coinciden
A25: {23 | B25: Black Jack | C25: =IF(ISERROR(LOOKUP(2^15,SEARCH(B25,'2023'!$B$3:$B$1734,1),'2023'!$A$3:$A$1734)),"NO","SI") -> SI | D25: =IF(ISERROR(LOOKUP(2^15,SEARCH(B25,'2022'!$B$2:$B$1591,1),'2022'!$A$2:$A$1591)),"NO","SI") -> SI | E25: =IF(ISERROR(LOOKUP(2^15,SEARCH(B25,'2021'!$B$2:$B$1494,1),'2021'!$A$2:$A$1494)),"NO","SI") -> SI | F25: =IF(ISERROR(LOOKUP(2^15,SEARCH(B25,'2020'!$B$2:$B$1278,1),'2020'!$A$2:$A$1278)),"NO","SI") -> SI | G25: =IF(ISERROR(LOOKUP(2^15,SEARCH(B25,'2019'!$B$2:$B$1108,1),'2019'!$A$2:$A$1108)),"NO","SI") -> SI | H25: =IF(ISERROR(LOOKUP(2^15,SEARCH(B25,'2018'!$B$1:$B$1047,1),'2018'!$A$1:$A$1047)),"NO","SI") -> SI | I25: =IF(ISERROR(LOOKUP(2^15,SEARCH(B25,'ALERTA SANITARIA'!$B$2:$B$269,1),'2018'!$A$1:$A$1047)),"NO","SI") -> SI | J25: =IF(AND(C25="NO", I25="NO"), "Ninguno",IF(AND(C25="NO", I25="SI"), "COFEPRIS",IF(AND(C25="SI",I25="NO"),"DOF","AMBOS"))) -> AMBOS | K25: {=IFERROR(INDEX(Anterior!$C$1:$D$323,MATCH(B25,Anterior!$B$2:$B$323,0)+1,2),0)} -> Ambos | L25: =IF(K25=J25,"coinciden",IF(K25=0,"Nuevo","Discrepan")) -> coinciden | M25: NO
A26: {24 | B26: Blend Type Box | C26: =IF(ISERROR(LOOKUP(2^15,SEARCH(B26,'2023'!$B$3:$B$1734,1),'2023'!$A$3:$A$1734)),"NO","SI") -> NO | D26: =IF(ISERROR(LOOKUP(2^15,SEARCH(B26,'2022'!$B$2:$B$1591,1),'2022'!$A$2:$A$1591)),"NO","SI") -> NO | E26: =IF(ISERROR(LOOKUP(2^15,SEARCH(B26,'2021'!$B$2:$B$1494,1),'2021'!$A$2:$A$1494)),"NO","SI") -> NO | F26: =IF(ISERROR(LOOKUP(2^15,SEARCH(B26,'2020'!$B$2:$B$1278,1),'2020'!$A$2:$A$1278)),"NO","SI") -> NO | G26: =IF(ISERROR(LOOKUP(2^15,SEARCH(B26,'2019'!$B$2:$B$1108,1),'2019'!$A$2:$A$1108)),"NO","SI") -> NO | H26: =IF(ISERROR(LOOKUP(2^15,SEARCH(B26,'2018'!$B$1:$B$1047,1),'2018'!$A$1:$A$1047)),"NO","SI") -> NO | I26: =IF(ISERROR(LOOKUP(2^15,SEARCH(B26,'ALERTA SANITARIA'!$B$2:$B$269,1),'2018'!$A$1:$A$1047)),"NO","SI") -> SI | J26: =IF(AND(C26="NO", I26="NO"), "Ninguno",IF(AND(C26="NO", I26="SI"), "COFEPRIS",IF(AND(C26="SI",I26="NO"),"DOF","AMBOS"))) -> COFEPRIS | K26: {=IFERROR(INDEX(Anterior!$C$1:$D$323,MATCH(B26,Anterior!$B$2:$B$323,0)+1,2),0)} -> COFEPRIS | L26: =IF(K26=J26,"coinciden",IF(K26=0,"Nuevo","Discrepan")) -> coinciden
A27: {25 | B27: Blitz | C27: =IF(ISERROR(LOOKUP(2^15,SEARCH(B27,'2023'!$B$3:$B$1734,1),'2023'!$A$3:$A$1734)),"NO","SI") -> NO | D27: =IF(ISERROR(LOOKUP(2^15,SEARCH(B27,'2022'!$B$2:$B$1591,1),'2022'!$A$2:$A$1591)),"NO","SI") -> NO | E27: =IF(ISERROR(LOOKUP(2^15,SEARCH(B27,'2021'!$B$2:$B$1494,1),'2021'!$A$2:$A$1494)),"NO","SI") -> NO | F27: =IF(ISERROR(LOOKUP(2^15,SEARCH(B27,'2020'!$B$2:$B$1278,1),'2020'!$A$2:$A$1278)),"NO","SI") -> NO | G27: =IF(ISERROR(LOOKUP(2^15,SEARCH(B27,'2019'!$B$2:$B$1108,1),'2019'!$A$2:$A$1108)),"NO","SI") -> NO | H27: =IF(ISERROR(LOOKUP(2^15,SEARCH(B27,'2018'!$B$1:$B$1047,1),'2018'!$A$1:$A$1047)),"NO","SI") -> NO | I27: =IF(ISERROR(LOOKUP(2^15,SEARCH(B27,'ALERTA SANITARIA'!$B$2:$B$269,1),'2018'!$A$1:$A$1047)),"NO","SI") -> SI | J27: =IF(AND(C27="NO", I27="NO"), "Ninguno",IF(AND(C27="NO", I27="SI"), "COFEPRIS",IF(AND(C27="SI",I27="NO"),"DOF","AMBOS"))) -> COFEPRIS | K27: {=IFERROR(INDEX(Anterior!$C$1:$D$323,MATCH(B27,Anterior!$B$2:$B$323,0)+1,2),0)} -> COFEPRIS | L27: =IF(K27=J27,"coinciden",IF(K27=0,"Nuevo","Discrepan")) -> coinciden
A28: {26 | B28: Blue River | C28: =IF(ISERROR(LOOKUP(2^15,SEARCH(B28,'2023'!$B$3:$B$1734,1),'2023'!$A$3:$A$1734)),"NO","SI") -> NO | D28: =IF(ISERROR(LOOKUP(2^15,SEARCH(B28,'2022'!$B$2:$B$1591,1),'2022'!$A$2:$A$1591)),"NO","SI") -> NO | E28: =IF(ISERROR(LOOKUP(2^15,SEARCH(B28,'2021'!$B$2:$B$1494,1),'2021'!$A$2:$A$1494)),"NO","SI") -> NO | F28: =IF(ISERROR(LOOKUP(2^15,SEARCH(B28,'2020'!$B$2:$B$1278,1),'2020'!$A$2:$A$1278)),"NO","SI") -> NO | G28: =IF(ISERROR(LOOKUP(2^15,SEARCH(B28,'2019'!$B$2:$B$1108,1),'2019'!$A$2:$A$1108)),"NO","SI") -> NO | H28: =IF(ISERROR(LOOKUP(2^15,SEARCH(B28,'2018'!$B$1:$B$1047,1),'2018'!$A$1:$A$1047)),"NO","SI") -> NO | I28: =IF(ISERROR(LOOKUP(2^15,SEARCH(B28,'ALERTA SANITARIA'!$B$2:$B$269,1),'2018'!$A$1:$A$1047)),"NO","SI") -> SI | J28: =IF(AND(C28="NO", I28="NO"), "Ninguno",IF(AND(C28="NO", I28="SI"), "COFEPRIS",IF(AND(C28="SI",I28="NO"),"DOF","AMBOS"))) -> COFEPRIS | K28: {=IFERROR(INDEX(Anterior!$C$1:$D$323,MATCH(B28,Anterior!$B$2:$B$323,0)+1,2),0)} -> COFEPRIS | L28: =IF(K28=J28,"coinciden",IF(K28=0,"Nuevo","Discrepan")) -> coinciden
A29: {27 | B29: Boaz | C29: =IF(ISERROR(LOOKUP(2^15,SEARCH(B29,'2023'!$B$3:$B$1734,1),'2023'!$A$3:$A$1734)),"NO","SI") -> NO | D29: =IF(ISERROR(LOOKUP(2^15,SEARCH(B29,'2022'!$B$2:$B$1591,1),'2022'!$A$2:$A$1591)),"NO","SI") -> NO | E29: =IF(ISERROR(LOOKUP(2^15,SEARCH(B29,'2021'!$B$2:$B$1494,1),'2021'!$A$2:$A$1494)),"NO","SI") -> NO | F29: =IF(ISERROR(LOOKUP(2^15,SEARCH(B29,'2020'!$B$2:$B$1278,1),'2020'!$A$2:$A$1278)),"NO","SI") -> NO | G29: =IF(ISERROR(LOOKUP(2^15,SEARCH(B29,'2019'!$B$2:$B$1108,1),'2019'!$A$2:$A$1108)),"NO","SI") -> NO | H29: =IF(ISERROR(LOOKUP(2^15,SEARCH(B29,'2018'!$B$1:$B$1047,1),'2018'!$A$1:$A$1047)),"NO","SI") -> NO | I29: =IF(ISERROR(LOOKUP(2^15,SEARCH(B29,'ALERTA SANITARIA'!$B$2:$B$269,1),'2018'!$A$1:$A$1047)),"NO","SI") -> SI | J29: =IF(AND(C29="NO", I29="NO"), "Ninguno",IF(AND(C29="NO", I29="SI"), "COFEPRIS",IF(AND(C29="SI",I29="NO"),"DOF","AMBOS"))) -> COFEPRIS | K29: {=IFERROR(INDEX(Anterior!$C$1:$D$323,MATCH(B29,Anterior!$B$2:$B$323,0)+1,2),0)} -> COFEPRIS | L29: =IF(K29=J29,"coinciden",IF(K29=0,"Nuevo","Discrepan")) -> coinciden
A30: {28 | B30: Bohemios | C30: =IF(ISERROR(LOOKUP(2^15,SEARCH(B30,'2023'!$B$3:$B$1734,1),'2023'!$A$3:$A$1734)),"NO","SI") -> SI | D30: =IF(ISERROR(LOOKUP(2^15,SEARCH(B30,'2022'!$B$2:$B$1591,1),'2022'!$A$2:$A$1591)),"NO","SI") -> SI | E30: =IF(ISERROR(LOOKUP(2^15,SEARCH(B30,'2021'!$B$2:$B$1494,1),'2021'!$A$2:$A$1494)),"NO","SI") -> SI | F30: =IF(ISERROR(LOOKUP(2^15,SEARCH(B30,'2020'!$B$2:$B$1278,1),'2020'!$A$2:$A$1278)),"NO","SI") -> SI | G30: =IF(ISERROR(LOOKUP(2^15,SEARCH(B30,'2019'!$B$2:$B$1108,1),'2019'!$A$2:$A$1108)),"NO","SI") -> SI | H30: =IF(ISERROR(LOOKUP(2^15,SEARCH(B30,'2018'!$B$1:$B$1047,1),'2018'!$A$1:$A$1047)),"NO","SI") -> SI | I30: =IF(ISERROR(LOOKUP(2^15,SEARCH(B30,'ALERTA SANITARIA'!$B$2:$B$269,1),'2018'!$A$1:$A$1047)),"NO","SI") -> NO | J30: =IF(AND(C30="NO", I30="NO"), "Ninguno",IF(AND(C30="NO", I30="SI"), "COFEPRIS",IF(AND(C30="SI",I30="NO"),"DOF","AMBOS"))) -> DOF | K30: {=IFERROR(INDEX(Anterior!$C$1:$D$323,MATCH(B30,Anterior!$B$2:$B$323,0)+1,2),0)} -> DOF | L30: =IF(K30=J30,"coinciden",IF(K30=0,"Nuevo","Discrepan")) -> coinciden
A31: {29 | B31: Boots | C31: =IF(ISERROR(LOOKUP(2^15,SEARCH(B31,'2023'!$B$3:$B$1734,1),'2023'!$A$3:$A$1734)),"NO","SI") -> SI | D31: =IF(ISERROR(LOOKUP(2^15,SEARCH(B31,'2022'!$B$2:$B$1591,1),'2022'!$A$2:$A$1591)),"NO","SI") -> SI | E31: =IF(ISERROR(LOOKUP(2^15,SEARCH(B31,'2021'!$B$2:$B$1494,1),'2021'!$A$2:$A$1494)),"NO","SI") -> SI | F31: =IF(ISERROR(LOOKUP(2^15,SEARCH(B31,'2020'!$B$2:$B$1278,1),'2020'!$A$2:$A$1278)),"NO","SI") -> SI | G31: =IF(ISERROR(LOOKUP(2^15,SEARCH(B31,'2019'!$B$2:$B$1108,1),'2019'!$A$2:$A$1108)),"NO","SI") -> SI | H31: =IF(ISERROR(LOOKUP(2^15,SEARCH(B31,'2018'!$B$1:$B$1047,1),'2018'!$A$1:$A$1047)),"NO","SI") -> SI | I31: =IF(ISERROR(LOOKUP(2^15,SEARCH(B31,'ALERTA SANITARIA'!$B$2:$B$269,1),'2018'!$A$1:$A$1047)),"NO","SI") -> SI | J31: =IF(AND(C31="NO", I31="NO"), "Ninguno",IF(AND(C31="NO", I31="SI"), "COFEPRIS",IF(AND(C31="SI",I31="NO"),"DOF","AMBOS"))) -> AMBOS | K31: {=IFERROR(INDEX(Anterior!$C$1:$D$323,MATCH(B31,Anterior!$B$2:$B$323,0)+1,2),0)} -> DOF | L31: =IF(K31=J31,"coinciden",IF(K31=0,"Nuevo","Discrepan")) -> Discrepan | M31: NO
A32: {30 | B32: Botas | C32: =IF(ISERROR(LOOKUP(2^15,SEARCH(B32,'2023'!$B$3:$B$1734,1),'2023'!$A$3:$A$1734)),"NO","SI") -> SI | D32: =IF(ISERROR(LOOKUP(2^15,SEARCH(B32,'2022'!$B$2:$B$1591,1),'2022'!$A$2:$A$1591)),"NO","SI") -> SI | E32: =IF(ISERROR(LOOKUP(2^15,SEARCH(B32,'2021'!$B$2:$B$1494,1),'2021'!$A$2:$A$1494)),"NO","SI") -> SI | F32: =IF(ISERROR(LOOKUP(2^15,SEARCH(B32,'2020'!$B$2:$B$1278,1),'2020'!$A$2:$A$1278)),"NO","SI") -> SI | G32: =IF(ISERROR(LOOKUP(2^15,SEARCH(B32,'2019'!$B$2:$B$1108,1),'2019'!$A$2:$A$1108)),"NO","SI") -> SI | H32: =IF(ISERROR(LOOKUP(2^15,SEARCH(B32,'2018'!$B$1:$B$1047,1),'2018'!$A$1:$A$1047)),"NO","SI") -> SI | I32: =IF(ISERROR(LOOKUP(2^15,SEARCH(B32,'ALERTA SANITARIA'!$B$2:$B$269,1),'2018'!$A$1:$A$1047)),"NO","SI") -> NO | J32: =IF(AND(C32="NO", I32="NO"), "Ninguno",IF(AND(C32="NO", I32="SI"), "COFEPRIS",IF(AND(C32="SI",I32="NO"),"DOF","AMBOS"))) -> DOF | K32: {=IFERROR(INDEX(Anterior!$C$1:$D$323,MATCH(B32,Anterior!$B$2:$B$323,0)+1,2),0)} -> DOF | L32: =IF(K32=J32,"coinciden",IF(K32=0,"Nuevo","Discrepan")) -> coinciden
A33: {31 | B33: Brass | C33: =IF(ISERROR(LOOKUP(2^15,SEARCH(B33,'2023'!$B$3:$B$1734,1),'2023'!$A$3:$A$1734)),"NO","SI") -> NO | D33: =IF(ISERROR(LOOKUP(2^15,SEARCH(B33,'2022'!$B$2:$B$1591,1),'2022'!$A$2:$A$1591)),"NO","SI") -> NO | E33: =IF(ISERROR(LOOKUP(2^15,SEARCH(B33,'2021'!$B$2:$B$1494,1),'2021'!$A$2:$A$1494)),"NO","SI") -> NO | F33: =IF(ISERROR(LOOKUP(2^15,SEARCH(B33,'2020'!$B$2:$B$1278,1),'2020'!$A$2:$A$1278)),"NO","SI") -> NO | G33: =IF(ISERROR(LOOKUP(2^15,SEARCH(B33,'2019'!$B$2:$B$1108,1),'2019'!$A$2:$A$1108)),"NO","SI") -> NO | H33: =IF(ISERROR(LOOKUP(2^15,SEARCH(B33,'2018'!$B$1:$B$1047,1),'2018'!$A$1:$A$1047)),"NO","SI") -> NO | I33: =IF(ISERROR(LOOKUP(2^15,SEARCH(B33,'ALERTA SANITARIA'!$B$2:$B$269,1),'2018'!$A$1:$A$1047)),"NO","SI") -> SI | J33: =IF(AND(C33="NO", I33="NO"), "Ninguno",IF(AND(C33="NO", I33="SI"), "COFEPRIS",IF(AND(C33="SI",I33="NO"),"DOF","AMBOS"))) -> COFEPRIS | K33: {=IFERROR(INDEX(Anterior!$C$1:$D$323,MATCH(B33,Anterior!$B$2:$B$323,0)+1,2),0)} -> COFEPRIS | L33: =IF(K33=J33,"coinciden",IF(K33=0,"Nuevo","Discrepan")) -> coinciden
A34: {32 | B34: Bright | C34: =IF(ISERROR(LOOKUP(2^15,SEARCH(B34,'2023'!$B$3:$B$1734,1),'2023'!$A$3:$A$1734)),"NO","SI") -> NO | D34: =IF(ISERROR(LOOKUP(2^15,SEARCH(B34,'2022'!$B$2:$B$1591,1),'2022'!$A$2:$A$1591)),"NO","SI") -> NO | E34: =IF(ISERROR(LOOKUP(2^15,SEARCH(B34,'2021'!$B$2:$B$1494,1),'2021'!$A$2:$A$1494)),"NO","SI") -> NO | F34: =IF(ISERROR(LOOKUP(2^15,SEARCH(B34,'2020'!$B$2:$B$1278,1),'2020'!$A$2:$A$1278)),"NO","SI") -> NO | G34: =IF(ISERROR(LOOKUP(2^15,SEARCH(B34,'2019'!$B$2:$B$1108,1),'2019'!$A$2:$A$1108)),"NO","SI") -> NO | H34: =IF(ISERROR(LOOKUP(2^15,SEARCH(B34,'2018'!$B$1:$B$1047,1),'2018'!$A$1:$A$1047)),"NO","SI") -> NO | I34: =IF(ISERROR(LOOKUP(2^15,SEARCH(B34,'ALERTA SANITARIA'!$B$2:$B$269,1),'2018'!$A$1:$A$1047)),"NO","SI") -> SI | J34: =IF(AND(C34="NO", I34="NO"), "Ninguno",IF(AND(C34="NO", I34="SI"), "COFEPRIS",IF(AND(C34="SI",I34="NO"),"DOF","AMBOS"))) -> COFEPRIS | K34: {=IFERROR(INDEX(Anterior!$C$1:$D$323,MATCH(B34,Anterior!$B$2:$B$323,0)+1,2),0)} -> COFEPRIS | L34: =IF(K34=J34,"coinciden",IF(K34=0,"Nuevo","Discrepan")) -> coinciden
A35: {33 | B35: Bronco | C35: =IF(ISERROR(LOOKUP(2^15,SEARCH(B35,'2023'!$B$3:$B$1734,1),'2023'!$A$3:$A$1734)),"NO","SI") -> NO | D35: =IF(ISERROR(LOOKUP(2^15,SEARCH(B35,'2022'!$B$2:$B$1591,1),'2022'!$A$2:$A$1591)),"NO","SI") -> NO | E35: =IF(ISERROR(LOOKUP(2^15,SEARCH(B35,'2021'!$B$2:$B$1494,1),'2021'!$A$2:$A$1494)),"NO","SI") -> NO | F35: =IF(ISERROR(LOOKUP(2^15,SEARCH(B35,'2020'!$B$2:$B$1278,1),'2020'!$A$2:$A$1278)),"NO","SI") -> NO | G35: =IF(ISERROR(LOOKUP(2^15,SEARCH(B35,'2019'!$B$2:$B$1108,1),'2019'!$A$2:$A$1108)),"NO","SI") -> NO | H35: =IF(ISERROR(LOOKUP(2^15,SEARCH(B35,'2018'!$B$1:$B$1047,1),'2018'!$A$1:$A$1047)),"NO","SI") -> NO | I35: =IF(ISERROR(LOOKUP(2^15,SEARCH(B35,'ALERTA SANITARIA'!$B$2:$B$269,1),'2018'!$A$1:$A$1047)),"NO","SI") -> SI | J35: =IF(AND(C35="NO", I35="NO"), "Ninguno",IF(AND(C35="NO", I35="SI"), "COFEPRIS",IF(AND(C35="SI",I35="NO"),"DOF","AMBOS"))) -> COFEPRIS | K35: {=IFERROR(INDEX(Anterior!$C$1:$D$323,MATCH(B35,Anterior!$B$2:$B$323,0)+1,2),0)} -> COFEPRIS | L35: =IF(K35=J35,"coinciden",IF(K35=0,"Nuevo","Discrepan")) -> coinciden
A36: {34 | B36: Buffalo | C36: =IF(ISERROR(LOOKUP(2^15,SEARCH(B36,'2023'!$B$3:$B$1734,1),'2023'!$A$3:$A$1734)),"NO","SI") -> NO | D36: =IF(ISERROR(LOOKUP(2^15,SEARCH(B36,'2022'!$B$2:$B$1591,1),'2022'!$A$2:$A$1591)),"NO","SI") -> NO | E36: =IF(ISERROR(LOOKUP(2^15,SEARCH(B36,'2021'!$B$2:$B$1494,1),'2021'!$A$2:$A$1494)),"NO","SI") -> NO | F36: =IF(ISERROR(LOOKUP(2^15,SEARCH(B36,'2020'!$B$2:$B$1278,1),'2020'!$A$2:$A$1278)),"NO","SI") -> NO | G36: =IF(ISERROR(LOOKUP(2^15,SEARCH(B36,'2019'!$B$2:$B$1108,1),'2019'!$A$2:$A$1108)),"NO","SI") -> NO | H36: =IF(ISERROR(LOOKUP(2^15,SEARCH(B36,'2018'!$B$1:$B$1047,1),'2018'!$A$1:$A$1047)),"NO","SI") -> NO | I36: =IF(ISERROR(LOOKUP(2^15,SEARCH(B36,'ALERTA SANITARIA'!$B$2:$B$269,1),'2018'!$A$1:$A$1047)),"NO","SI") -> SI | J36: =IF(AND(C36="NO", I36="NO"), "Ninguno",IF(AND(C36="NO", I36="SI"), "COFEPRIS",IF(AND(C36="SI",I36="NO"),"DOF","AMBOS"))) -> COFEPRIS | K36: {=IFERROR(INDEX(Anterior!$C$1:$D$323,MATCH(B36,Anterior!$B$2:$B$323,0)+1,2),0)} -> COFEPRIS | L36: =IF(K36=J36,"coinciden",IF(K36=0,"Nuevo","Discrepan")) -> coinciden
A37: {35 | B37: Bull's eye | C37: =IF(ISERROR(LOOKUP(2^15,SEARCH(B37,'2023'!$B$3:$B$1734,1),'2023'!$A$3:$A$1734)),"NO","SI") -> NO | D37: =IF(ISERROR(LOOKUP(2^15,SEARCH(B37,'2022'!$B$2:$B$1591,1),'2022'!$A$2:$A$1591)),"NO","SI") -> NO | E37: =IF(ISERROR(LOOKUP(2^15,SEARCH(B37,'2021'!$B$2:$B$1494,1),'2021'!$A$2:$A$1494)),"NO","SI") -> NO | F37: =IF(ISERROR(LOOKUP(2^15,SEARCH(B37,'2020'!$B$2:$B$1278,1),'2020'!$A$2:$A$1278)),"NO","SI") -> NO | G37: =IF(ISERROR(LOOKUP(2^15,SEARCH(B37,'2019'!$B$2:$B$1108,1),'2019'!$A$2:$A$1108)),"NO","SI") -> NO | H37: =IF(ISERROR(LOOKUP(2^15,SEARCH(B37,'2018'!$B$1:$B$1047,1),'2018'!$A$1:$A$1047)),"NO","SI") -> NO | I37: =IF(ISERROR(LOOKUP(2^15,SEARCH(B37,'ALERTA SANITARIA'!$B$2:$B$269,1),'2018'!$A$1:$A$1047)),"NO","SI") -> SI | J37: =IF(AND(C37="NO", I37="NO"), "Ninguno",IF(AND(C37="NO", I37="SI"), "COFEPRIS",IF(AND(C37="SI",I37="NO"),"DOF","AMBOS"))) -> COFEPRIS | K37: {=IFERROR(INDEX(Anterior!$C$1:$D$323,MATCH(B37,Anterior!$B$2:$B$323,0)+1,2),0)} -> 0 | L37: =IF(K37=J37,"coinciden",IF(K37=0,"Nuevo","Discrepan")) -> Nuevo
A38: {36 | B38: Bulls | C38: =IF(ISERROR(LOOKUP(2^15,SEARCH(B38,'2023'!$B$3:$B$1734,1),'2023'!$A$3:$A$1734)),"NO","SI") -> NO | D38: =IF(ISERROR(LOOKUP(2^15,SEARCH(B38,'2022'!$B$2:$B$1591,1),'2022'!$A$2:$A$1591)),"NO","SI") -> NO | E38: =IF(ISERROR(LOOKUP(2^15,SEARCH(B38,'2021'!$B$2:$B$1494,1),'2021'!$A$2:$A$1494)),"NO","SI") -> NO | F38: =IF(ISERROR(LOOKUP(2^15,SEARCH(B38,'2020'!$B$2:$B$1278,1),'2020'!$A$2:$A$1278)),"NO","SI") -> NO | G38: =IF(ISERROR(LOOKUP(2^15,SEARCH(B38,'2019'!$B$2:$B$1108,1),'2019'!$A$2:$A$1108)),"NO","SI") -> NO | H38: =IF(ISERROR(LOOKUP(2^15,SEARCH(B38,'2018'!$B$1:$B$1047,1),'2018'!$A$1:$A$1047)),"NO","SI") -> NO | I38: =IF(ISERROR(LOOKUP(2^15,SEARCH(B38,'ALERTA SANITARIA'!$B$2:$B$269,1),'2018'!$A$1:$A$1047)),"NO","SI") -> SI | J38: =IF(AND(C38="NO", I38="NO"), "Ninguno",IF(AND(C38="NO", I38="SI"), "COFEPRIS",IF(AND(C38="SI",I38="NO"),"DOF","AMBOS"))) -> COFEPRIS | K38: {=IFERROR(INDEX(Anterior!$C$1:$D$323,MATCH(B38,Anterior!$B$2:$B$323,0)+1,2),0)} -> COFEPRIS | L38: =IF(K38=J38,"coinciden",IF(K38=0,"Nuevo","Discrepan")) -> coinciden
A39: {37 | B39: Burton | C39: =IF(ISERROR(LOOKUP(2^15,SEARCH(B39,'2023'!$B$3:$B$1734,1),'2023'!$A$3:$A$1734)),"NO","SI") -> NO | D39: =IF(ISERROR(LOOKUP(2^15,SEARCH(B39,'2022'!$B$2:$B$1591,1),'2022'!$A$2:$A$1591)),"NO","SI") -> NO | E39: =IF(ISERROR(LOOKUP(2^15,SEARCH(B39,'2021'!$B$2:$B$1494,1),'2021'!$A$2:$A$1494)),"NO","SI") -> NO | F39: =IF(ISERROR(LOOKUP(2^15,SEARCH(B39,'2020'!$B$2:$B$1278,1),'2020'!$A$2:$A$1278)),"NO","SI") -> NO | G39: =IF(ISERROR(LOOKUP(2^15,SEARCH(B39,'2019'!$B$2:$B$1108,1),'2019'!$A$2:$A$1108)),"NO","SI") -> NO | H39: =IF(ISERROR(LOOKUP(2^15,SEARCH(B39,'2018'!$B$1:$B$1047,1),'2018'!$A$1:$A$1047)),"NO","SI") -> NO | I39: =IF(ISERROR(LOOKUP(2^15,SEARCH(B39,'ALERTA SANITARIA'!$B$2:$B$269,1),'2018'!$A$1:$A$1047)),"NO","SI") -> SI | J39: =IF(AND(C39="NO", I39="NO"), "Ninguno",IF(AND(C39="NO", I39="SI"), "COFEPRIS",IF(AND(C39="SI",I39="NO"),"DOF","AMBOS"))) -> COFEPRIS | K39: {=IFERROR(INDEX(Anterior!$C$1:$D$323,MATCH(B39,Anterior!$B$2:$B$323,0)+1,2),0)} -> COFEPRIS | L39: =IF(K39=J39,"coinciden",IF(K39=0,"Nuevo","Discrepan")) -> coinciden
A40: {38 | B40: Caesar Park | C40: =IF(ISERROR(LOOKUP(2^15,SEARCH(B40,'2023'!$B$3:$B$1734,1),'2023'!$A$3:$A$1734)),"NO","SI") -> NO | D40: =IF(ISERROR(LOOKUP(2^15,SEARCH(B40,'2022'!$B$2:$B$1591,1),'2022'!$A$2:$A$1591)),"NO","SI") -> NO | E40: =IF(ISERROR(LOOKUP(2^15,SEARCH(B40,'2021'!$B$2:$B$1494,1),'2021'!$A$2:$A$1494)),"NO","SI") -> NO | F40: =IF(ISERROR(LOOKUP(2^15,SEARCH(B40,'2020'!$B$2:$B$1278,1),'2020'!$A$2:$A$1278)),"NO","SI") -> NO | G40: =IF(ISERROR(LOOKUP(2^15,SEARCH(B40,'2019'!$B$2:$B$1108,1),'2019'!$A$2:$A$1108)),"NO","SI") -> NO | H40: =IF(ISERROR(LOOKUP(2^15,SEARCH(B40,'2018'!$B$1:$B$1047,1),'2018'!$A$1:$A$1047)),"NO","SI") -> NO | I40: =IF(ISERROR(LOOKUP(2^15,SEARCH(B40,'ALERTA SANITARIA'!$B$2:$B$269,1),'2018'!$A$1:$A$1047)),"NO","SI") -> SI | J40: =IF(AND(C40="NO", I40="NO"), "Ninguno",IF(AND(C40="NO", I40="SI"), "COFEPRIS",IF(AND(C40="SI",I40="NO"),"DOF","AMBOS"))) -> COFEPRIS | K40: {=IFERROR(INDEX(Anterior!$C$1:$D$323,MATCH(B40,Anterior!$B$2:$B$323,0)+1,2),0)} -> COFEPRIS | L40: =IF(K40=J40,"coinciden",IF(K40=0,"Nuevo","Discrepan")) -> coinciden
A41: {39 | B41: Camel | C41: =IF(ISERROR(LOOKUP(2^15,SEARCH(B41,'2023'!$B$3:$B$1734,1),'2023'!$A$3:$A$1734)),"NO","SI") -> SI | D41: =IF(ISERROR(LOOKUP(2^15,SEARCH(B41,'2022'!$B$2:$B$1591,1),'2022'!$A$2:$A$1591)),"NO","SI") -> SI | E41: =IF(ISERROR(LOOKUP(2^15,SEARCH(B41,'2021'!$B$2:$B$1494,1),'2021'!$A$2:$A$1494)),"NO","SI") -> SI | F41: =IF(ISERROR(LOOKUP(2^15,SEARCH(B41,'2020'!$B$2:$B$1278,1),'2020'!$A$2:$A$1278)),"NO","SI") -> SI | G41: =IF(ISERROR(LOOKUP(2^15,SEARCH(B41,'2019'!$B$2:$B$1108,1),'2019'!$A$2:$A$1108)),"NO","SI") -> SI | H41: =IF(ISERROR(LOOKUP(2^15,SEARCH(B41,'2018'!$B$1:$B$1047,1),'2018'!$A$1:$A$1047)),"NO","SI") -> SI | I41: =IF(ISERROR(LOOKUP(2^15,SEARCH(B41,'ALERTA SANITARIA'!$B$2:$B$269,1),'2018'!$A$1:$A$1047)),"NO","SI") -> NO | J41: =IF(AND(C41="NO", I41="NO"), "Ninguno",IF(AND(C41="NO", I41="SI"), "COFEPRIS",IF(AND(C41="SI",I41="NO"),"DOF","AMBOS"))) -> DOF | K41: {=IFERROR(INDEX(Anterior!$C$1:$D$323,MATCH(B41,Anterior!$B$2:$B$323,0)+1,2),0)} -> DOF | L41: =IF(K41=J41,"coinciden",IF(K41=0,"Nuevo","Discrepan")) -> coinciden
A42: {40 | B42: Capital | C42: =IF(ISERROR(LOOKUP(2^15,SEARCH(B42,'2023'!$B$3:$B$1734,1),'2023'!$A$3:$A$1734)),"NO","SI") -> NO | D42: =IF(ISERROR(LOOKUP(2^15,SEARCH(B42,'2022'!$B$2:$B$1591,1),'2022'!$A$2:$A$1591)),"NO","SI") -> NO | E42: =IF(ISERROR(LOOKUP(2^15,SEARCH(B42,'2021'!$B$2:$B$1494,1),'2021'!$A$2:$A$1494)),"NO","SI") -> NO | F42: =IF(ISERROR(LOOKUP(2^15,SEARCH(B42,'2020'!$B$2:$B$1278,1),'2020'!$A$2:$A$1278)),"NO","SI") -> NO | G42: =IF(ISERROR(LOOKUP(2^15,SEARCH(B42,'2019'!$B$2:$B$1108,1),'2019'!$A$2:$A$1108)),"NO","SI") -> NO | H42: =IF(ISERROR(LOOKUP(2^15,SEARCH(B42,'2018'!$B$1:$B$1047,1),'2018'!$A$1:$A$1047)),"NO","SI") -> NO | I42: =IF(ISERROR(LOOKUP(2^15,SEARCH(B42,'ALERTA SANITARIA'!$B$2:$B$269,1),'2018'!$A$1:$A$1047)),"NO","SI") -> SI | J42: =IF(AND(C42="NO", I42="NO"), "Ninguno",IF(AND(C42="NO", I42="SI"), "COFEPRIS",IF(AND(C42="SI",I42="NO"),"DOF","AMBOS"))) -> COFEPRIS | K42: {=IFERROR(INDEX(Anterior!$C$1:$D$323,MATCH(B42,Anterior!$B$2:$B$323,0)+1,2),0)} -> COFEPRIS | L42: =IF(K42=J42,"coinciden",IF(K42=0,"Nuevo","Discrepan")) -> coinciden
A43: {41 | B43: Capri | C43: =IF(ISERROR(LOOKUP(2^15,SEARCH(B43,'2023'!$B$3:$B$1734,1),'2023'!$A$3:$A$1734)),"NO","SI") -> NO | D43: =IF(ISERROR(LOOKUP(2^15,SEARCH(B43,'2022'!$B$2:$B$1591,1),'2022'!$A$2:$A$1591)),"NO","SI") -> NO | E43: =IF(ISERROR(LOOKUP(2^15,SEARCH(B43,'2021'!$B$2:$B$1494,1),'2021'!$A$2:$A$1494)),"NO","SI") -> NO | F43: =IF(ISERROR(LOOKUP(2^15,SEARCH(B43,'2020'!$B$2:$B$1278,1),'2020'!$A$2:$A$1278)),"NO","SI") -> NO | G43: =IF(ISERROR(LOOKUP(2^15,SEARCH(B43,'2019'!$B$2:$B$1108,1),'2019'!$A$2:$A$1108)),"NO","SI") -> NO | H43: =IF(ISERROR(LOOKUP(2^15,SEARCH(B43,'2018'!$B$1:$B$1047,1),'2018'!$A$1:$A$1047)),"NO","SI") -> NO | I43: =IF(ISERROR(LOOKUP(2^15,SEARCH(B43,'ALERTA SANITARIA'!$B$2:$B$269,1),'2018'!$A$1:$A$1047)),"NO","SI") -> SI | J43: =IF(AND(C43="NO", I43="NO"), "Ninguno",IF(AND(C43="NO", I43="SI"), "COFEPRIS",IF(AND(C43="SI",I43="NO"),"DOF","AMBOS"))) -> COFEPRIS | K43: {=IFERROR(INDEX(Anterior!$C$1:$D$323,MATCH(B43,Anterior!$B$2:$B$323,0)+1,2),0)} -> COFEPRIS | L43: =IF(K43=J43,"coinciden",IF(K43=0,"Nuevo","Discrepan")) -> coinciden
A44: {42 | B44: Casino Royale | C44: =IF(ISERROR(LOOKUP(2^15,SEARCH(B44,'2023'!$B$3:$B$1734,1),'2023'!$A$3:$A$1734)),"NO","SI") -> NO | D44: =IF(ISERROR(LOOKUP(2^15,SEARCH(B44,'2022'!$B$2:$B$1591,1),'2022'!$A$2:$A$1591)),"NO","SI") -> NO | E44: =IF(ISERROR(LOOKUP(2^15,SEARCH(B44,'2021'!$B$2:$B$1494,1),'2021'!$A$2:$A$1494)),"NO","SI") -> NO | F44: =IF(ISERROR(LOOKUP(2^15,SEARCH(B44,'2020'!$B$2:$B$1278,1),'2020'!$A$2:$A$1278)),"NO","SI") -> NO | G44: =IF(ISERROR(LOOKUP(2^15,SEARCH(B44,'2019'!$B$2:$B$1108,1),'2019'!$A$2:$A$1108)),"NO","SI") -> NO | H44: =IF(ISERROR(LOOKUP(2^15,SEARCH(B44,'2018'!$B$1:$B$1047,1),'2018'!$A$1:$A$1047)),"NO","SI") -> NO | I44: =IF(ISERROR(LOOKUP(2^15,SEARCH(B44,'ALERTA SANITARIA'!$B$2:$B$269,1),'2018'!$A$1:$A$1047)),"NO","SI") -> NO | J44: =IF(AND(C44="NO", I44="NO"), "Ninguno",IF(AND(C44="NO", I44="SI"), "COFEPRIS",IF(AND(C44="SI",I44="NO"),"DOF","AMBOS"))) -> Ninguno | K44: {=IFERROR(INDEX(Anterior!$C$1:$D$323,MATCH(B44,Anterior!$B$2:$B$323,0)+1,2),0)} -> COFEPRIS | L44: =IF(K44=J44,"coinciden",IF(K44=0,"Nuevo","Discrepan")) -> Discrepan | M44: NO
A45: {43 | B45: Champ | C45: NO | D45: NO | E45: NO | F45: =IF(ISERROR(LOOKUP(2^15,SEARCH(B45,'2020'!$B$2:$B$1278,1),'2020'!$A$2:$A$1278)),"NO","SI") -> NO | G45: =IF(ISERROR(LOOKUP(2^15,SEARCH(B45,'2019'!$B$2:$B$1108,1),'2019'!$A$2:$A$1108)),"NO","SI") -> NO | H45: =IF(ISERROR(LOOKUP(2^15,SEARCH(B45,'2018'!$B$1:$B$1047,1),'2018'!$A$1:$A$1047)),"NO","SI") -> NO | I45: =IF(ISERROR(LOOKUP(2^15,SEARCH(B45,'ALERTA SANITARIA'!$B$2:$B$269,1),'2018'!$A$1:$A$1047)),"NO","SI") -> SI | J45: =IF(AND(C45="NO", I45="NO"), "Ninguno",IF(AND(C45="NO", I45="SI"), "COFEPRIS",IF(AND(C45="SI",I45="NO"),"DOF","AMBOS"))) -> COFEPRIS | K45: {=IFERROR(INDEX(Anterior!$C$1:$D$323,MATCH(B45,Anterior!$B$2:$B$323,0)+1,2),0)} -> COFEPRIS | L45: =IF(K45=J45,"coinciden",IF(K45=0,"Nuevo","Discrepan")) -> coinciden
A46: {44 | B46: Chelsea | C46: =IF(ISERROR(LOOKUP(2^15,SEARCH(B46,'2023'!$B$3:$B$1734,1),'2023'!$A$3:$A$1734)),"NO","SI") -> NO | D46: =IF(ISERROR(LOOKUP(2^15,SEARCH(B46,'2022'!$B$2:$B$1591,1),'2022'!$A$2:$A$1591)),"NO","SI") -> NO | E46: =IF(ISERROR(LOOKUP(2^15,SEARCH(B46,'2021'!$B$2:$B$1494,1),'2021'!$A$2:$A$1494)),"NO","SI") -> NO | F46: =IF(ISERROR(LOOKUP(2^15,SEARCH(B46,'2020'!$B$2:$B$1278,1),'2020'!$A$2:$A$1278)),"NO","SI") -> NO | G46: =IF(ISERROR(LOOKUP(2^15,SEARCH(B46,'2019'!$B$2:$B$1108,1),'2019'!$A$2:$A$1108)),"NO","SI") -> NO | H46: =IF(ISERROR(LOOKUP(2^15,SEARCH(B46,'2018'!$B$1:$B$1047,1),'2018'!$A$1:$A$1047)),"NO","SI") -> NO | I46: =IF(ISERROR(LOOKUP(2^15,SEARCH(B46,'ALERTA SANITARIA'!$B$2:$B$269,1),'2018'!$A$1:$A$1047)),"NO","SI") -> NO | J46: =IF(AND(C46="NO", I46="NO"), "Ninguno",IF(AND(C46="NO", I46="SI"), "COFEPRIS",IF(AND(C46="SI",I46="NO"),"DOF","AMBOS"))) -> Ninguno | K46: {=IFERROR(INDEX(Anterior!$C$1:$D$323,MATCH(B46,Anterior!$B$2:$B$323,0)+1,2),0)} -> Ninguno | L46: =IF(K46=J46,"coinciden",IF(K46=0,"Nuevo","Discrepan")) -> coinciden
A47: {45 | B47: Cherry | C47: =IF(ISERROR(LOOKUP(2^15,SEARCH(B47,'2023'!$B$3:$B$1734,1),'2023'!$A$3:$A$1734)),"NO","SI") -> SI | D47: =IF(ISERROR(LOOKUP(2^15,SEARCH(B47,'2022'!$B$2:$B$1591,1),'2022'!$A$2:$A$1591)),"NO","SI") -> SI | E47: =IF(ISERROR(LOOKUP(2^15,SEARCH(B47,'2021'!$B$2:$B$1494,1),'2021'!$A$2:$A$1494)),"NO","SI") -> SI | F47: =IF(ISERROR(LOOKUP(2^15,SEARCH(B47,'2020'!$B$2:$B$1278,1),'2020'!$A$2:$A$1278)),"NO","SI") -> SI | G47: =IF(ISERROR(LOOKUP(2^15,SEARCH(B47,'2019'!$B$2:$B$1108,1),'2019'!$A$2:$A$1108)),"NO","SI") -> SI | H47: =IF(ISERROR(LOOKUP(2^15,SEARCH(B47,'2018'!$B$1:$B$1047,1),'2018'!$A$1:$A$1047)),"NO","SI") -> SI | I47: =IF(ISERROR(LOOKUP(2^15,SEARCH(B47,'ALERTA SANITARIA'!$B$2:$B$269,1),'2018'!$A$1:$A$1047)),"NO","SI") -> NO | J47: =IF(AND(C47="NO", I47="NO"), "Ninguno",IF(AND(C47="NO", I47="SI"), "COFEPRIS",IF(AND(C47="SI",I47="NO"),"DOF","AMBOS"))) -> DOF | K47: {=IFERROR(INDEX(Anterior!$C$1:$D$323,MATCH(B47,Anterior!$B$2:$B$323,0)+1,2),0)} -> DOF | L47: =IF(K47=J47,"coinciden",IF(K47=0,"Nuevo","Discrepan")) -> coinciden
A48: {46 | B48: Chess | C48: =IF(ISERROR(LOOKUP(2^15,SEARCH(B48,'2023'!$B$3:$B$1734,1),'2023'!$A$3:$A$1734)),"NO","SI") -> NO | D48: =IF(ISERROR(LOOKUP(2^15,SEARCH(B48,'2022'!$B$2:$B$1591,1),'2022'!$A$2:$A$1591)),"NO","SI") -> NO | E48: =IF(ISERROR(LOOKUP(2^15,SEARCH(B48,'2021'!$B$2:$B$1494,1),'2021'!$A$2:$A$1494)),"NO","SI") -> NO | F48: =IF(ISERROR(LOOKUP(2^15,SEARCH(B48,'2020'!$B$2:$B$1278,1),'2020'!$A$2:$A$1278)),"NO","SI") -> NO | G48: =IF(ISERROR(LOOKUP(2^15,SEARCH(B48,'2019'!$B$2:$B$1108,1),'2019'!$A$2:$A$1108)),"NO","SI") -> NO | H48: =IF(ISERROR(LOOKUP(2^15,SEARCH(B48,'2018'!$B$1:$B$1047,1),'2018'!$A$1:$A$1047)),"NO","SI") -> NO | I48: =IF(ISERROR(LOOKUP(2^15,SEARCH(B48,'ALERTA SANITARIA'!$B$2:$B$269,1),'2018'!$A$1:$A$1047)),"NO","SI") -> SI | J48: =IF(AND(C48="NO", I48="NO"), "Ninguno",IF(AND(C48="NO", I48="SI"), "COFEPRIS",IF(AND(C48="SI",I48="NO"),"DOF","AMBOS"))) -> COFEPRIS | K48: {=IFERROR(INDEX(Anterior!$C$1:$D$323,MATCH(B48,Anterior!$B$2:$B$323,0)+1,2),0)} -> COFEPRIS | L48: =IF(K48=J48,"coinciden",IF(K48=0,"Nuevo","Discrepan")) -> coinciden
A49: {47 | B49: Chesterfield | C49: =IF(ISERROR(LOOKUP(2^15,SEARCH(B49,'2023'!$B$3:$B$1734,1),'2023'!$A$3:$A$1734)),"NO","SI") -> SI | D49: =IF(ISERROR(LOOKUP(2^15,SEARCH(B49,'2022'!$B$2:$B$1591,1),'2022'!$A$2:$A$1591)),"NO","SI") -> SI | E49: =IF(ISERROR(LOOKUP(2^15,SEARCH(B49,'2021'!$B$2:$B$1494,1),'2021'!$A$2:$A$1494)),"NO","SI") -> SI | F49: =IF(ISERROR(LOOKUP(2^15,SEARCH(B49,'2020'!$B$2:$B$1278,1),'2020'!$A$2:$A$1278)),"NO","SI") -> SI | G49: =IF(ISERROR(LOOKUP(2^15,SEARCH(B49,'2019'!$B$2:$B$1108,1),'2019'!$A$2:$A$1108)),"NO","SI") -> SI | H49: =IF(ISERROR(LOOKUP(2^15,SEARCH(B49,'2018'!$B$1:$B$1047,1),'2018'!$A$1:$A$1047)),"NO","SI") -> SI | I49: =IF(ISERROR(LOOKUP(2^15,SEARCH(B49,'ALERTA SANITARIA'!$B$2:$B$269,1),'2018'!$A$1:$A$1047)),"NO","SI") -> NO | J49: =IF(AND(C49="NO", I49="NO"), "Ninguno",IF(AND(C49="NO", I49="SI"), "COFEPRIS",IF(AND(C49="SI",I49="NO"),"DOF","AMBOS"))) -> DOF | K49: {=IFERROR(INDEX(Anterior!$C$1:$D$323,MATCH(B49,Anterior!$B$2:$B$323,0)+1,2),0)} -> DOF | L49: =IF(K49=J49,"coinciden",IF(K49=0,"Nuevo","Discrepan")) -> coinciden
A50: {48 | B50: Chiapas | C50: =IF(ISERROR(LOOKUP(2^15,SEARCH(B50,'2023'!$B$3:$B$1734,1),'2023'!$A$3:$A$1734)),"NO","SI") -> NO | D50: =IF(ISERROR(LOOKUP(2^15,SEARCH(B50,'2022'!$B$2:$B$1591,1),'2022'!$A$2:$A$1591)),"NO","SI") -> NO | E50: =IF(ISERROR(LOOKUP(2^15,SEARCH(B50,'2021'!$B$2:$B$1494,1),'2021'!$A$2:$A$1494)),"NO","SI") -> NO | F50: =IF(ISERROR(LOOKUP(2^15,SEARCH(B50,'2020'!$B$2:$B$1278,1),'2020'!$A$2:$A$1278)),"NO","SI") -> NO | G50: =IF(ISERROR(LOOKUP(2^15,SEARCH(B50,'2019'!$B$2:$B$1108,1),'2019'!$A$2:$A$1108)),"NO","SI") -> NO | H50: =IF(ISERROR(LOOKUP(2^15,SEARCH(B50,'2018'!$B$1:$B$1047,1),'2018'!$A$1:$A$1047)),"NO","SI") -> NO | I50: =IF(ISERROR(LOOKUP(2^15,SEARCH(B50,'ALERTA SANITARIA'!$B$2:$B$269,1),'2018'!$A$1:$A$1047)),"NO","SI") -> SI | J50: =IF(AND(C50="NO", I50="NO"), "Ninguno",IF(AND(C50="NO", I50="SI"), "COFEPRIS",IF(AND(C50="SI",I50="NO"),"DOF","AMBOS"))) -> COFEPRIS | K50: {=IFERROR(INDEX(Anterior!$C$1:$D$323,MATCH(B50,Anterior!$B$2:$B$323,0)+1,2),0)} -> COFEPRIS | L50: =IF(K50=J50,"coinciden",IF(K50=0,"Nuevo","Discrepan")) -> coinciden
A51: {49 | B51: Chicago | C51: =IF(ISERROR(LOOKUP(2^15,SEARCH(B51,'2023'!$B$3:$B$1734,1),'2023'!$A$3:$A$1734)),"NO","SI") -> NO | D51: =IF(ISERROR(LOOKUP(2^15,SEARCH(B51,'2022'!$B$2:$B$1591,1),'2022'!$A$2:$A$1591)),"NO","SI") -> NO | E51: =IF(ISERROR(LOOKUP(2^15,SEARCH(B51,'2021'!$B$2:$B$1494,1),'2021'!$A$2:$A$1494)),"NO","SI") -> NO | F51: =IF(ISERROR(LOOKUP(2^15,SEARCH(B51,'2020'!$B$2:$B$1278,1),'2020'!$A$2:$A$1278)),"NO","SI") -> NO | G51: =IF(ISERROR(LOOKUP(2^15,SEARCH(B51,'2019'!$B$2:$B$1108,1),'2019'!$A$2:$A$1108)),"NO","SI") -> NO | H51: =IF(ISERROR(LOOKUP(2^15,SEARCH(B51,'2018'!$B$1:$B$1047,1),'2018'!$A$1:$A$1047)),"NO","SI") -> NO | I51: =IF(ISERROR(LOOKUP(2^15,SEARCH(B51,'ALERTA SANITARIA'!$B$2:$B$269,1),'2018'!$A$1:$A$1047)),"NO","SI") -> SI | J51: =IF(AND(C51="NO", I51="NO"), "Ninguno",IF(AND(C51="NO", I51="SI"), "COFEPRIS",IF(AND(C51="SI",I51="NO"),"DOF","AMBOS"))) -> COFEPRIS | K51: {=IFERROR(INDEX(Anterior!$C$1:$D$323,MATCH(B51,Anterior!$B$2:$B$323,0)+1,2),0)} -> COFEPRIS | L51: =IF(K51=J51,"coinciden",IF(K51=0,"Nuevo","Discrepan")) -> coinciden
A52: {50 | B52: Cig One | C52: =IF(ISERROR(LOOKUP(2^15,SEARCH(B52,'2023'!$B$3:$B$1734,1),'2023'!$A$3:$A$1734)),"NO","SI") -> NO | D52: =IF(ISERROR(LOOKUP(2^15,SEARCH(B52,'2022'!$B$2:$B$1591,1),'2022'!$A$2:$A$1591)),"NO","SI") -> NO | E52: =IF(ISERROR(LOOKUP(2^15,SEARCH(B52,'2021'!$B$2:$B$1494,1),'2021'!$A$2:$A$1494)),"NO","SI") -> NO | F52: =IF(ISERROR(LOOKUP(2^15,SEARCH(B52,'2020'!$B$2:$B$1278,1),'2020'!$A$2:$A$1278)),"NO","SI") -> NO | G52: =IF(ISERROR(LOOKUP(2^15,SEARCH(B52,'2019'!$B$2:$B$1108,1),'2019'!$A$2:$A$1108)),"NO","SI") -> NO | H52: =IF(ISERROR(LOOKUP(2^15,SEARCH(B52,'2018'!$B$1:$B$1047,1),'2018'!$A$1:$A$1047)),"NO","SI") -> NO | I52: =IF(ISERROR(LOOKUP(2^15,SEARCH(B52,'ALERTA SANITARIA'!$B$2:$B$269,1),'2018'!$A$1:$A$1047)),"NO","SI") -> SI | J52: =IF(AND(C52="NO", I52="NO"), "Ninguno",IF(AND(C52="NO", I52="SI"), "COFEPRIS",IF(AND(C52="SI",I52="NO"),"DOF","AMBOS"))) -> COFEPRIS | K52: {=IFERROR(INDEX(Anterior!$C$1:$D$323,MATCH(B52,Anterior!$B$2:$B$323,0)+1,2),0)} -> COFEPRIS | L52: =IF(K52=J52,"coinciden",IF(K52=0,"Nuevo","Discrepan")) -> coinciden
A53: {51 | B53: Cohiba | C53: =IF(ISERROR(LOOKUP(2^15,SEARCH(B53,'2023'!$B$3:$B$1734,1),'2023'!$A$3:$A$1734)),"NO","SI") -> SI | D53: =IF(ISERROR(LOOKUP(2^15,SEARCH(B53,'2022'!$B$2:$B$1591,1),'2022'!$A$2:$A$1591)),"NO","SI") -> SI | E53: =IF(ISERROR(LOOKUP(2^15,SEARCH(B53,'2021'!$B$2:$B$1494,1),'2021'!$A$2:$A$1494)),"NO","SI") -> SI | F53: =IF(ISERROR(LOOKUP(2^15,SEARCH(B53,'2020'!$B$2:$B$1278,1),'2020'!$A$2:$A$1278)),"NO","SI") -> SI | G53: =IF(ISERROR(LOOKUP(2^15,SEARCH(B53,'2019'!$B$2:$B$1108,1),'2019'!$A$2:$A$1108)),"NO","SI") -> SI | H53: =IF(ISERROR(LOOKUP(2^15,SEARCH(B53,'2018'!$B$1:$B$1047,1),'2018'!$A$1:$A$1047)),"NO","SI") -> SI | I53: =IF(ISERROR(LOOKUP(2^15,SEARCH(B53,'ALERTA SANITARIA'!$B$2:$B$269,1),'2018'!$A$1:$A$1047)),"NO","SI") -> NO | J53: =IF(AND(C53="NO", I53="NO"), "Ninguno",IF(AND(C53="NO", I53="SI"), "COFEPRIS",IF(AND(C53="SI",I53="NO"),"DOF","AMBOS"))) -> DOF | K53: {=IFERROR(INDEX(Anterior!$C$1:$D$323,MATCH(B53,Anterior!$B$2:$B$323,0)+1,2),0)} -> DOF | L53: =IF(K53=J53,"coinciden",IF(K53=0,"Nuevo","Discrepan")) -> coinciden
A54: {52 | B54: Comanches | C54: =IF(ISERROR(LOOKUP(2^15,SEARCH(B54,'2023'!$B$3:$B$1734,1),'2023'!$A$3:$A$1734)),"NO","SI") -> NO | D54: =IF(ISERROR(LOOKUP(2^15,SEARCH(B54,'2022'!$B$2:$B$1591,1),'2022'!$A$2:$A$1591)),"NO","SI") -> NO | E54: =IF(ISERROR(LOOKUP(2^15,SEARCH(B54,'2021'!$B$2:$B$1494,1),'2021'!$A$2:$A$1494)),"NO","SI") -> NO | F54: =IF(ISERROR(LOOKUP(2^15,SEARCH(B54,'2020'!$B$2:$B$1278,1),'2020'!$A$2:$A$1278)),"NO","SI") -> NO | G54: =IF(ISERROR(LOOKUP(2^15,SEARCH(B54,'2019'!$B$2:$B$1108,1),'2019'!$A$2:$A$1108)),"NO","SI") -> NO | H54: =IF(ISERROR(LOOKUP(2^15,SEARCH(B54,'2018'!$B$1:$B$1047,1),'2018'!$A$1:$A$1047)),"NO","SI") -> NO | I54: =IF(ISERROR(LOOKUP(2^15,SEARCH(B54,'ALERTA SANITARIA'!$B$2:$B$269,1),'2018'!$A$1:$A$1047)),"NO","SI") -> NO | J54: =IF(AND(C54="NO", I54="NO"), "Ninguno",IF(AND(C54="NO", I54="SI"), "COFEPRIS",IF(AND(C54="SI",I54="NO"),"DOF","AMBOS"))) -> Ninguno | K54: {=IFERROR(INDEX(Anterior!$C$1:$D$323,MATCH(B54,Anterior!$B$2:$B$323,0)+1,2),0)} -> Ninguno | L54: =IF(K54=J54,"coinciden",IF(K54=0,"Nuevo","Discrepan")) -> coinciden | M54: NO
A55: {53 | B55: Compass | C55: =IF(ISERROR(LOOKUP(2^15,SEARCH(B55,'2023'!$B$3:$B$1734,1),'2023'!$A$3:$A$1734)),"NO","SI") -> NO | D55: =IF(ISERROR(LOOKUP(2^15,SEARCH(B55,'2022'!$B$2:$B$1591,1),'2022'!$A$2:$A$1591)),"NO","SI") -> NO | E55: =IF(ISERROR(LOOKUP(2^15,SEARCH(B55,'2021'!$B$2:$B$1494,1),'2021'!$A$2:$A$1494)),"NO","SI") -> NO | F55: =IF(ISERROR(LOOKUP(2^15,SEARCH(B55,'2020'!$B$2:$B$1278,1),'2020'!$A$2:$A$1278)),"NO","SI") -> NO | G55: =IF(ISERROR(LOOKUP(2^15,SEARCH(B55,'2019'!$B$2:$B$1108,1),'2019'!$A$2:$A$1108)),"NO","SI") -> NO | H55: =IF(ISERROR(LOOKUP(2^15,SEARCH(B55,'2018'!$B$1:$B$1047,1),'2018'!$A$1:$A$1047)),"NO","SI") -> NO | I55: =IF(ISERROR(LOOKUP(2^15,SEARCH(B55,'ALERTA SANITARIA'!$B$2:$B$269,1),'2018'!$A$1:$A$1047)),"NO","SI") -> SI | J55: =IF(AND(C55="NO", I55="NO"), "Ninguno",IF(AND(C55="NO", I55="SI"), "COFEPRIS",IF(AND(C55="SI",I55="NO"),"DOF","AMBOS"))) -> COFEPRIS | K55: {=IFERROR(INDEX(Anterior!$C$1:$D$323,MATCH(B55,Anterior!$B$2:$B$323,0)+1,2),0)} -> COFEPRIS | L55: =IF(K55=J55,"coinciden",IF(K55=0,"Nuevo","Discrepan")) -> coinciden
A56: {54 | B56: D&J | C56: =IF(ISERROR(LOOKUP(2^15,SEARCH(B56,'2023'!$B$3:$B$1734,1),'2023'!$A$3:$A$1734)),"NO","SI") -> NO | D56: =IF(ISERROR(LOOKUP(2^15,SEARCH(B56,'2022'!$B$2:$B$1591,1),'2022'!$A$2:$A$1591)),"NO","SI") -> NO | E56: =IF(ISERROR(LOOKUP(2^15,SEARCH(B56,'2021'!$B$2:$B$1494,1),'2021'!$A$2:$A$1494)),"NO","SI") -> NO | F56: =IF(ISERROR(LOOKUP(2^15,SEARCH(B56,'2020'!$B$2:$B$1278,1),'2020'!$A$2:$A$1278)),"NO","SI") -> NO | G56: =IF(ISERROR(LOOKUP(2^15,SEARCH(B56,'2019'!$B$2:$B$1108,1),'2019'!$A$2:$A$1108)),"NO","SI") -> NO | H56: =IF(ISERROR(LOOKUP(2^15,SEARCH(B56,'2018'!$B$1:$B$1047,1),'2018'!$A$1:$A$1047)),"NO","SI") -> NO | I56: =IF(ISERROR(LOOKUP(2^15,SEARCH(B56,'ALERTA SANITARIA'!$B$2:$B$269,1),'2018'!$A$1:$A$1047)),"NO","SI") -> SI | J56: =IF(AND(C56="NO", I56="NO"), "Ninguno",IF(AND(C56="NO", I56="SI"), "COFEPRIS",IF(AND(C56="SI",I56="NO"),"DOF","AMBOS"))) -> COFEPRIS | K56: {=IFERROR(INDEX(Anterior!$C$1:$D$323,MATCH(B56,Anterior!$B$2:$B$323,0)+1,2),0)} -> COFEPRIS | L56: =IF(K56=J56,"coinciden",IF(K56=0,"Nuevo","Discrepan")) -> coinciden
A57: {55 | B57: D&Y | C57: =IF(ISERROR(LOOKUP(2^15,SEARCH(B57,'2023'!$B$3:$B$1734,1),'2023'!$A$3:$A$1734)),"NO","SI") -> NO | D57: =IF(ISERROR(LOOKUP(2^15,SEARCH(B57,'2022'!$B$2:$B$1591,1),'2022'!$A$2:$A$1591)),"NO","SI") -> NO | E57: =IF(ISERROR(LOOKUP(2^15,SEARCH(B57,'2021'!$B$2:$B$1494,1),'2021'!$A$2:$A$1494)),"NO","SI") -> NO | F57: =IF(ISERROR(LOOKUP(2^15,SEARCH(B57,'2020'!$B$2:$B$1278,1),'2020'!$A$2:$A$1278)),"NO","SI") -> NO | G57: =IF(ISERROR(LOOKUP(2^15,SEARCH(B57,'2019'!$B$2:$B$1108,1),'2019'!$A$2:$A$1108)),"NO","SI") -> NO | H57: =IF(ISERROR(LOOKUP(2^15,SEARCH(B57,'2018'!$B$1:$B$1047,1),'2018'!$A$1:$A$1047)),"NO","SI") -> NO | I57: =IF(ISERROR(LOOKUP(2^15,SEARCH(B57,'ALERTA SANITARIA'!$B$2:$B$269,1),'2018'!$A$1:$A$1047)),"NO","SI") -> SI | J57: =IF(AND(C57="NO", I57="NO"), "Ninguno",IF(AND(C57="NO", I57="SI"), "COFEPRIS",IF(AND(C57="SI",I57="NO"),"DOF","AMBOS"))) -> COFEPRIS | K57: {=IFERROR(INDEX(Anterior!$C$1:$D$323,MATCH(B57,Anterior!$B$2:$B$323,0)+1,2),0)} -> COFEPRIS | L57: =IF(K57=J57,"coinciden",IF(K57=0,"Nuevo","Discrepan")) -> coinciden
A58: {56 | B58: Dalton | C58: =IF(ISERROR(LOOKUP(2^15,SEARCH(B58,'2023'!$B$3:$B$1734,1),'2023'!$A$3:$A$1734)),"NO","SI") -> SI | D58: =IF(ISERROR(LOOKUP(2^15,SEARCH(B58,'2022'!$B$2:$B$1591,1),'2022'!$A$2:$A$1591)),"NO","SI") -> SI | E58: =IF(ISERROR(LOOKUP(2^15,SEARCH(B58,'2021'!$B$2:$B$1494,1),'2021'!$A$2:$A$1494)),"NO","SI") -> SI | F58: =IF(ISERROR(LOOKUP(2^15,SEARCH(B58,'2020'!$B$2:$B$1278,1),'2020'!$A$2:$A$1278)),"NO","SI") -> SI | G58: =IF(ISERROR(LOOKUP(2^15,SEARCH(B58,'2019'!$B$2:$B$1108,1),'2019'!$A$2:$A$1108)),"NO","SI") -> SI | H58: =IF(ISERROR(LOOKUP(2^15,SEARCH(B58,'2018'!$B$1:$B$1047,1),'2018'!$A$1:$A$1047)),"NO","SI") -> SI | I58: =IF(ISERROR(LOOKUP(2^15,SEARCH(B58,'ALERTA SANITARIA'!$B$2:$B$269,1),'2018'!$A$1:$A$1047)),"NO","SI") -> NO | J58: =IF(AND(C58="NO", I58="NO"), "Ninguno",IF(AND(C58="NO", I58="SI"), "COFEPRIS",IF(AND(C58="SI",I58="NO"),"DOF","AMBOS"))) -> DOF | K58: {=IFERROR(INDEX(Anterior!$C$1:$D$323,MATCH(B58,Anterior!$B$2:$B$323,0)+1,2),0)} -> DOF | L58: =IF(K58=J58,"coinciden",IF(K58=0,"Nuevo","Discrepan")) -> coinciden
A59: {57 | B59: Dark | C59: NO | D59: NO | E59: NO | F59: NO | G59: NO | H59: NO | I59: =IF(ISERROR(LOOKUP(2^15,SEARCH(B59,'ALERTA SANITARIA'!$B$2:$B$269,1),'2018'!$A$1:$A$1047)),"NO","SI") -> SI | J59: =IF(AND(C59="NO", I59="NO"), "Ninguno",IF(AND(C59="NO", I59="SI"), "COFEPRIS",IF(AND(C59="SI",I59="NO"),"DOF","AMBOS"))) -> COFEPRIS | K59: {=IFERROR(INDEX(Anterior!$C$1:$D$323,MATCH(B59,Anterior!$B$2:$B$323,0)+1,2),0)} -> COFEPRIS | L59: =IF(K59=J59,"coinciden",IF(K59=0,"Nuevo","Discrepan")) -> coinciden | P59: *aparece como variante de otras marcas unicamnete
A60: {58 | B60: Dart | C60: =IF(ISERROR(LOOKUP(2^15,SEARCH(B60,'2023'!$B$3:$B$1734,1),'2023'!$A$3:$A$1734)),"NO","SI") -> NO | D60: =IF(ISERROR(LOOKUP(2^15,SEARCH(B60,'2022'!$B$2:$B$1591,1),'2022'!$A$2:$A$1591)),"NO","SI") -> NO | E60: =IF(ISERROR(LOOKUP(2^15,SEARCH(B60,'2021'!$B$2:$B$1494,1),'2021'!$A$2:$A$1494)),"NO","SI") -> NO | F60: =IF(ISERROR(LOOKUP(2^15,SEARCH(B60,'2020'!$B$2:$B$1278,1),'2020'!$A$2:$A$1278)),"NO","SI") -> NO | G60: =IF(ISERROR(LOOKUP(2^15,SEARCH(B60,'2019'!$B$2:$B$1108,1),'2019'!$A$2:$A$1108)),"NO","SI") -> NO | H60: =IF(ISERROR(LOOKUP(2^15,SEARCH(B60,'2018'!$B$1:$B$1047,1),'2018'!$A$1:$A$1047)),"NO","SI") -> NO | I60: =IF(ISERROR(LOOKUP(2^15,SEARCH(B60,'ALERTA SANITARIA'!$B$2:$B$269,1),'2018'!$A$1:$A$1047)),"NO","SI") -> SI | J60: =IF(AND(C60="NO", I60="NO"), "Ninguno",IF(AND(C60="NO", I60="SI"), "COFEPRIS",IF(AND(C60="SI",I60="NO"),"DOF","AMBOS"))) -> COFEPRIS | K60: {=IFERROR(INDEX(Anterior!$C$1:$D$323,MATCH(B60,Anterior!$B$2:$B$323,0)+1,2),0)} -> COFEPRIS | L60: =IF(K60=J60,"coinciden",IF(K60=0,"Nuevo","Discrepan")) -> coinciden
A61: {59 | B61: Deal | C61: =IF(ISERROR(LOOKUP(2^15,SEARCH(B61,'2023'!$B$3:$B$1734,1),'2023'!$A$3:$A$1734)),"NO","SI") -> NO | D61: =IF(ISERROR(LOOKUP(2^15,SEARCH(B61,'2022'!$B$2:$B$1591,1),'2022'!$A$2:$A$1591)),"NO","SI") -> NO | E61: =IF(ISERROR(LOOKUP(2^15,SEARCH(B61,'2021'!$B$2:$B$1494,1),'2021'!$A$2:$A$1494)),"NO","SI") -> NO | F61: =IF(ISERROR(LOOKUP(2^15,SEARCH(B61,'2020'!$B$2:$B$1278,1),'2020'!$A$2:$A$1278)),"NO","SI") -> NO | G61: =IF(ISERROR(LOOKUP(2^15,SEARCH(B61,'2019'!$B$2:$B$1108,1),'2019'!$A$2:$A$1108)),"NO","SI") -> NO | H61: =IF(ISERROR(LOOKUP(2^15,SEARCH(B61,'2018'!$B$1:$B$1047,1),'2018'!$A$1:$A$1047)),"NO","SI") -> NO | I61: =IF(ISERROR(LOOKUP(2^15,SEARCH(B61,'ALERTA SANITARIA'!$B$2:$B$269,1),'2018'!$A$1:$A$1047)),"NO","SI") -> SI | J61: =IF(AND(C61="NO", I61="NO"), "Ninguno",IF(AND(C61="NO", I61="SI"), "COFEPRIS",IF(AND(C61="SI",I61="NO"),"DOF","AMBOS"))) -> COFEPRIS | K61: {=IFERROR(INDEX(Anterior!$C$1:$D$323,MATCH(B61,Anterior!$B$2:$B$323,0)+1,2),0)} -> COFEPRIS | L61: =IF(K61=J61,"coinciden",IF(K61=0,"Nuevo","Discrepan")) -> coinciden
A62: {60 | B62: Del Prado | C62: =IF(ISERROR(LOOKUP(2^15,SEARCH(B62,'2023'!$B$3:$B$1734,1),'2023'!$A$3:$A$1734)),"NO","SI") -> NO | D62: =IF(ISERROR(LOOKUP(2^15,SEARCH(B62,'2022'!$B$2:$B$1591,1),'2022'!$A$2:$A$1591)),"NO","SI") -> NO | E62: =IF(ISERROR(LOOKUP(2^15,SEARCH(B62,'2021'!$B$2:$B$1494,1),'2021'!$A$2:$A$1494)),"NO","SI") -> NO | F62: =IF(ISERROR(LOOKUP(2^15,SEARCH(B62,'2020'!$B$2:$B$1278,1),'2020'!$A$2:$A$1278)),"NO","SI") -> NO | G62: =IF(ISERROR(LOOKUP(2^15,SEARCH(B62,'2019'!$B$2:$B$1108,1),'2019'!$A$2:$A$1108)),"NO","SI") -> NO | H62: =IF(ISERROR(LOOKUP(2^15,SEARCH(B62,'2018'!$B$1:$B$1047,1),'2018'!$A$1:$A$1047)),"NO","SI") -> NO | I62: =IF(ISERROR(LOOKUP(2^15,SEARCH(B62,'ALERTA SANITARIA'!$B$2:$B$269,1),'2018'!$A$1:$A$1047)),"NO","SI") -> NO | J62: =IF(AND(C62="NO", I62="NO"), "Ninguno",IF(AND(C62="NO", I62="SI"), "COFEPRIS",IF(AND(C62="SI",I62="NO"),"DOF","AMBOS"))) -> Ninguno | K62: {=IFERROR(INDEX(Anterior!$C$1:$D$323,MATCH(B62,Anterior!$B$2:$B$323,0)+1,2),0)} -> DOF | L62: =IF(K62=J62,"coinciden",IF(K62=0,"Nuevo","Discrepan")) -> Discrepan | M62: NO
A63: {61 | B63: Delicados | C63: =IF(ISERROR(LOOKUP(2^15,SEARCH(B63,'2023'!$B$3:$B$1734,1),'2023'!$A$3:$A$1734)),"NO","SI") -> SI | D63: =IF(ISERROR(LOOKUP(2^15,SEARCH(B63,'2022'!$B$2:$B$1591,1),'2022'!$A$2:$A$1591)),"NO","SI") -> SI | E63: =IF(ISERROR(LOOKUP(2^15,SEARCH(B63,'2021'!$B$2:$B$1494,1),'2021'!$A$2:$A$1494)),"NO","SI") -> SI | F63: =IF(ISERROR(LOOKUP(2^15,SEARCH(B63,'2020'!$B$2:$B$1278,1),'2020'!$A$2:$A$1278)),"NO","SI") -> SI | G63: =IF(ISERROR(LOOKUP(2^15,SEARCH(B63,'2019'!$B$2:$B$1108,1),'2019'!$A$2:$A$1108)),"NO","SI") -> SI | H63: =IF(ISERROR(LOOKUP(2^15,SEARCH(B63,'2018'!$B$1:$B$1047,1),'2018'!$A$1:$A$1047)),"NO","SI") -> SI | I63: =IF(ISERROR(LOOKUP(2^15,SEARCH(B63,'ALERTA SANITARIA'!$B$2:$B$269,1),'2018'!$A$1:$A$1047)),"NO","SI") -> NO | J63: =IF(AND(C63="NO", I63="NO"), "Ninguno",IF(AND(C63="NO", I63="SI"), "COFEPRIS",IF(AND(C63="SI",I63="NO"),"DOF","AMBOS"))) -> DOF | K63: {=IFERROR(INDEX(Anterior!$C$1:$D$323,MATCH(B63,Anterior!$B$2:$B$323,0)+1,2),0)} -> DOF | L63: =IF(K63=J63,"coinciden",IF(K63=0,"Nuevo","Discrepan")) -> coinciden
A64: {62 | B64: Denim | C64: =IF(ISERROR(LOOKUP(2^15,SEARCH(B64,'2023'!$B$3:$B$1734,1),'2023'!$A$3:$A$1734)),"NO","SI") -> NO | D64: =IF(ISERROR(LOOKUP(2^15,SEARCH(B64,'2022'!$B$2:$B$1591,1),'2022'!$A$2:$A$1591)),"NO","SI") -> NO | E64: =IF(ISERROR(LOOKUP(2^15,SEARCH(B64,'2021'!$B$2:$B$1494,1),'2021'!$A$2:$A$1494)),"NO","SI") -> NO | F64: =IF(ISERROR(LOOKUP(2^15,SEARCH(B64,'2020'!$B$2:$B$1278,1),'2020'!$A$2:$A$1278)),"NO","SI") -> NO | G64: =IF(ISERROR(LOOKUP(2^15,SEARCH(B64,'2019'!$B$2:$B$1108,1),'2019'!$A$2:$A$1108)),"NO","SI") -> NO | H64: =IF(ISERROR(LOOKUP(2^15,SEARCH(B64,'2018'!$B$1:$B$1047,1),'2018'!$A$1:$A$1047)),"NO","SI") -> NO | I64: =IF(ISERROR(LOOKUP(2^15,SEARCH(B64,'ALERTA SANITARIA'!$B$2:$B$269,1),'2018'!$A$1:$A$1047)),"NO","SI") -> SI | J64: =IF(AND(C64="NO", I64="NO"), "Ninguno",IF(AND(C64="NO", I64="SI"), "COFEPRIS",IF(AND(C64="SI",I64="NO"),"DOF","AMBOS"))) -> COFEPRIS | K64: {=IFERROR(INDEX(Anterior!$C$1:$D$323,MATCH(B64,Anterior!$B$2:$B$323,0)+1,2),0)} -> 0 | L64: =IF(K64=J64,"coinciden",IF(K64=0,"Nuevo","Discrepan")) -> Nuevo
A65: {63 | B65: Domino | C65: =IF(ISERROR(LOOKUP(2^15,SEARCH(B65,'2023'!$B$3:$B$1734,1),'2023'!$A$3:$A$1734)),"NO","SI") -> NO | D65: =IF(ISERROR(LOOKUP(2^15,SEARCH(B65,'2022'!$B$2:$B$1591,1),'2022'!$A$2:$A$1591)),"NO","SI") -> NO | E65: =IF(ISERROR(LOOKUP(2^15,SEARCH(B65,'2021'!$B$2:$B$1494,1),'2021'!$A$2:$A$1494)),"NO","SI") -> NO | F65: =IF(ISERROR(LOOKUP(2^15,SEARCH(B65,'2020'!$B$2:$B$1278,1),'2020'!$A$2:$A$1278)),"NO","SI") -> NO | G65: =IF(ISERROR(LOOKUP(2^15,SEARCH(B65,'2019'!$B$2:$B$1108,1),'2019'!$A$2:$A$1108)),"NO","SI") -> NO | H65: =IF(ISERROR(LOOKUP(2^15,SEARCH(B65,'2018'!$B$1:$B$1047,1),'2018'!$A$1:$A$1047)),"NO","SI") -> NO | I65: =IF(ISERROR(LOOKUP(2^15,SEARCH(B65,'ALERTA SANITARIA'!$B$2:$B$269,1),'2018'!$A$1:$A$1047)),"NO","SI") -> SI | J65: =IF(AND(C65="NO", I65="NO"), "Ninguno",IF(AND(C65="NO", I65="SI"), "COFEPRIS",IF(AND(C65="SI",I65="NO"),"DOF","AMBOS"))) -> COFEPRIS | K65: {=IFERROR(INDEX(Anterior!$C$1:$D$323,MATCH(B65,Anterior!$B$2:$B$323,0)+1,2),0)} -> COFEPRIS | L65: =IF(K65=J65,"coinciden",IF(K65=0,"Nuevo","Discrepan")) -> coinciden
A66: {64 | B66: Double | C66: NO | D66: NO | E66: NO | F66: NO | G66: NO | H66: NO | I66: =IF(ISERROR(LOOKUP(2^15,SEARCH(B66,'ALERTA SANITARIA'!$B$2:$B$269,1),'2018'!$A$1:$A$1047)),"NO","SI") -> SI | J66: =IF(AND(C66="NO", I66="NO"), "Ninguno",IF(AND(C66="NO", I66="SI"), "COFEPRIS",IF(AND(C66="SI",I66="NO"),"DOF","AMBOS"))) -> COFEPRIS | K66: {=IFERROR(INDEX(Anterior!$C$1:$D$323,MATCH(B66,Anterior!$B$2:$B$323,0)+1,2),0)} -> COFEPRIS | L66: =IF(K66=J66,"coinciden",IF(K66=0,"Nuevo","Discrepan")) -> coinciden | P66: * double hapiness¿
A67: {65 | B67: Dragon | C67: =IF(ISERROR(LOOKUP(2^15,SEARCH(B67,'2023'!$B$3:$B$1734,1),'2023'!$A$3:$A$1734)),"NO","SI") -> NO | D67: =IF(ISERROR(LOOKUP(2^15,SEARCH(B67,'2022'!$B$2:$B$1591,1),'2022'!$A$2:$A$1591)),"NO","SI") -> NO | E67: =IF(ISERROR(LOOKUP(2^15,SEARCH(B67,'2021'!$B$2:$B$1494,1),'2021'!$A$2:$A$1494)),"NO","SI") -> NO | F67: =IF(ISERROR(LOOKUP(2^15,SEARCH(B67,'2020'!$B$2:$B$1278,1),'2020'!$A$2:$A$1278)),"NO","SI") -> NO | G67: =IF(ISERROR(LOOKUP(2^15,SEARCH(B67,'2019'!$B$2:$B$1108,1),'2019'!$A$2:$A$1108)),"NO","SI") -> NO | H67: =IF(ISERROR(LOOKUP(2^15,SEARCH(B67,'2018'!$B$1:$B$1047,1),'2018'!$A$1:$A$1047)),"NO","SI") -> NO | I67: =IF(ISERROR(LOOKUP(2^15,SEARCH(B67,'ALERTA SANITARIA'!$B$2:$B$269,1),'2018'!$A$1:$A$1047)),"NO","SI") -> SI | J67: =IF(AND(C67="NO", I67="NO"), "Ninguno",IF(AND(C67="NO", I67="SI"), "COFEPRIS",IF(AND(C67="SI",I67="NO"),"DOF","AMBOS"))) -> COFEPRIS | K67: {=IFERROR(INDEX(Anterior!$C$1:$D$323,MATCH(B67,Anterior!$B$2:$B$323,0)+1,2),0)} -> COFEPRIS | L67: =IF(K67=J67,"coinciden",IF(K67=0,"Nuevo","Discrepan")) -> coinciden
A68: {66 | B68: Dunhill | C68: =IF(ISERROR(LOOKUP(2^15,SEARCH(B68,'2023'!$B$3:$B$1734,1),'2023'!$A$3:$A$1734)),"NO","SI") -> SI | D68: =IF(ISERROR(LOOKUP(2^15,SEARCH(B68,'2022'!$B$2:$B$1591,1),'2022'!$A$2:$A$1591)),"NO","SI") -> SI | E68: =IF(ISERROR(LOOKUP(2^15,SEARCH(B68,'2021'!$B$2:$B$1494,1),'2021'!$A$2:$A$1494)),"NO","SI") -> SI | F68: =IF(ISERROR(LOOKUP(2^15,SEARCH(B68,'2020'!$B$2:$B$1278,1),'2020'!$A$2:$A$1278)),"NO","SI") -> SI | G68: =IF(ISERROR(LOOKUP(2^15,SEARCH(B68,'2019'!$B$2:$B$1108,1),'2019'!$A$2:$A$1108)),"NO","SI") -> SI | H68: =IF(ISERROR(LOOKUP(2^15,SEARCH(B68,'2018'!$B$1:$B$1047,1),'2018'!$A$1:$A$1047)),"NO","SI") -> SI | I68: =IF(ISERROR(LOOKUP(2^15,SEARCH(B68,'ALERTA SANITARIA'!$B$2:$B$269,1),'2018'!$A$1:$A$1047)),"NO","SI") -> NO | J68: =IF(AND(C68="NO", I68="NO"), "Ninguno",IF(AND(C68="NO", I68="SI"), "COFEPRIS",IF(AND(C68="SI",I68="NO"),"DOF","AMBOS"))) -> DOF | K68: {=IFERROR(INDEX(Anterior!$C$1:$D$323,MATCH(B68,Anterior!$B$2:$B$323,0)+1,2),0)} -> DOF | L68: =IF(K68=J68,"coinciden",IF(K68=0,"Nuevo","Discrepan")) -> coinciden
A69: {67 | B69: Dunston | C69: =IF(ISERROR(LOOKUP(2^15,SEARCH(B69,'2023'!$B$3:$B$1734,1),'2023'!$A$3:$A$1734)),"NO","SI") -> NO | D69: =IF(ISERROR(LOOKUP(2^15,SEARCH(B69,'2022'!$B$2:$B$1591,1),'2022'!$A$2:$A$1591)),"NO","SI") -> NO | E69: =IF(ISERROR(LOOKUP(2^15,SEARCH(B69,'2021'!$B$2:$B$1494,1),'2021'!$A$2:$A$1494)),"NO","SI") -> NO | F69: =IF(ISERROR(LOOKUP(2^15,SEARCH(B69,'2020'!$B$2:$B$1278,1),'2020'!$A$2:$A$1278)),"NO","SI") -> NO | G69: =IF(ISERROR(LOOKUP(2^15,SEARCH(B69,'2019'!$B$2:$B$1108,1),'2019'!$A$2:$A$1108)),"NO","SI") -> NO | H69: =IF(ISERROR(LOOKUP(2^15,SEARCH(B69,'2018'!$B$1:$B$1047,1),'2018'!$A$1:$A$1047)),"NO","SI") -> NO | I69: =IF(ISERROR(LOOKUP(2^15,SEARCH(B69,'ALERTA SANITARIA'!$B$2:$B$269,1),'2018'!$A$1:$A$1047)),"NO","SI") -> SI | J69: =IF(AND(C69="NO", I69="NO"), "Ninguno",IF(AND(C69="NO", I69="SI"), "COFEPRIS",IF(AND(C69="SI",I69="NO"),"DOF","AMBOS"))) -> COFEPRIS | K69: {=IFERROR(INDEX(Anterior!$C$1:$D$323,MATCH(B69,Anterior!$B$2:$B$323,0)+1,2),0)} -> COFEPRIS | L69: =IF(K69=J69,"coinciden",IF(K69=0,"Nuevo","Discrepan")) -> coinciden
A70: {68 | B70: DY Classic | C70: =IF(ISERROR(LOOKUP(2^15,SEARCH(B70,'2023'!$B$3:$B$1734,1),'2023'!$A$3:$A$1734)),"NO","SI") -> NO | D70: =IF(ISERROR(LOOKUP(2^15,SEARCH(B70,'2022'!$B$2:$B$1591,1),'2022'!$A$2:$A$1591)),"NO","SI") -> NO | E70: =IF(ISERROR(LOOKUP(2^15,SEARCH(B70,'2021'!$B$2:$B$1494,1),'2021'!$A$2:$A$1494)),"NO","SI") -> NO | F70: =IF(ISERROR(LOOKUP(2^15,SEARCH(B70,'2020'!$B$2:$B$1278,1),'2020'!$A$2:$A$1278)),"NO","SI") -> NO | G70: =IF(ISERROR(LOOKUP(2^15,SEARCH(B70,'2019'!$B$2:$B$1108,1),'2019'!$A$2:$A$1108)),"NO","SI") -> NO | H70: =IF(ISERROR(LOOKUP(2^15,SEARCH(B70,'2018'!$B$1:$B$1047,1),'2018'!$A$1:$A$1047)),"NO","SI") -> NO | I70: =IF(ISERROR(LOOKUP(2^15,SEARCH(B70,'ALERTA SANITARIA'!$B$2:$B$269,1),'2018'!$A$1:$A$1047)),"NO","SI") -> SI | J70: =IF(AND(C70="NO", I70="NO"), "Ninguno",IF(AND(C70="NO", I70="SI"), "COFEPRIS",IF(AND(C70="SI",I70="NO"),"DOF","AMBOS"))) -> COFEPRIS | K70: {=IFERROR(INDEX(Anterior!$C$1:$D$323,MATCH(B70,Anterior!$B$2:$B$323,0)+1,2),0)} -> COFEPRIS | L70: =IF(K70=J70,"coinciden",IF(K70=0,"Nuevo","Discrepan")) -> coinciden
A71: {69 | B71: Easy | C71: =IF(ISERROR(LOOKUP(2^15,SEARCH(B71,'2023'!$B$3:$B$1734,1),'2023'!$A$3:$A$1734)),"NO","SI") -> NO | D71: =IF(ISERROR(LOOKUP(2^15,SEARCH(B71,'2022'!$B$2:$B$1591,1),'2022'!$A$2:$A$1591)),"NO","SI") -> NO | E71: =IF(ISERROR(LOOKUP(2^15,SEARCH(B71,'2021'!$B$2:$B$1494,1),'2021'!$A$2:$A$1494)),"NO","SI") -> NO | F71: =IF(ISERROR(LOOKUP(2^15,SEARCH(B71,'2020'!$B$2:$B$1278,1),'2020'!$A$2:$A$1278)),"NO","SI") -> NO | G71: =IF(ISERROR(LOOKUP(2^15,SEARCH(B71,'2019'!$B$2:$B$1108,1),'2019'!$A$2:$A$1108)),"NO","SI") -> NO | H71: =IF(ISERROR(LOOKUP(2^15,SEARCH(B71,'2018'!$B$1:$B$1047,1),'2018'!$A$1:$A$1047)),"NO","SI") -> NO | I71: =IF(ISERROR(LOOKUP(2^15,SEARCH(B71,'ALERTA SANITARIA'!$B$2:$B$269,1),'2018'!$A$1:$A$1047)),"NO","SI") -> SI | J71: =IF(AND(C71="NO", I71="NO"), "Ninguno",IF(AND(C71="NO", I71="SI"), "COFEPRIS",IF(AND(C71="SI",I71="NO"),"DOF","AMBOS"))) -> COFEPRIS | K71: {=IFERROR(INDEX(Anterior!$C$1:$D$323,MATCH(B71,Anterior!$B$2:$B$323,0)+1,2),0)} -> COFEPRIS | L71: =IF(K71=J71,"coinciden",IF(K71=0,"Nuevo","Discrepan")) -> coinciden
A72: {70 | B72: Economicos | C72: =IF(ISERROR(LOOKUP(2^15,SEARCH(B72,'2023'!$B$3:$B$1734,1),'2023'!$A$3:$A$1734)),"NO","SI") -> SI | D72: =IF(ISERROR(LOOKUP(2^15,SEARCH(B72,'2022'!$B$2:$B$1591,1),'2022'!$A$2:$A$1591)),"NO","SI") -> SI | E72: =IF(ISERROR(LOOKUP(2^15,SEARCH(B72,'2021'!$B$2:$B$1494,1),'2021'!$A$2:$A$1494)),"NO","SI") -> SI | F72: =IF(ISERROR(LOOKUP(2^15,SEARCH(B72,'2020'!$B$2:$B$1278,1),'2020'!$A$2:$A$1278)),"NO","SI") -> SI | G72: =IF(ISERROR(LOOKUP(2^15,SEARCH(B72,'2019'!$B$2:$B$1108,1),'2019'!$A$2:$A$1108)),"NO","SI") -> SI | H72: =IF(ISERROR(LOOKUP(2^15,SEARCH(B72,'2018'!$B$1:$B$1047,1),'2018'!$A$1:$A$1047)),"NO","SI") -> NO | I72: =IF(ISERROR(LOOKUP(2^15,SEARCH(B72,'ALERTA SANITARIA'!$B$2:$B$269,1),'2018'!$A$1:$A$1047)),"NO","SI") -> NO | J72: =IF(AND(C72="NO", I72="NO"), "Ninguno",IF(AND(C72="NO", I72="SI"), "COFEPRIS",IF(AND(C72="SI",I72="NO"),"DOF","AMBOS"))) -> DOF | K72: {=IFERROR(INDEX(Anterior!$C$1:$D$323,MATCH(B72,Anterior!$B$2:$B$323,0)+1,2),0)} -> DOF | L72: =IF(K72=J72,"coinciden",IF(K72=0,"Nuevo","Discrepan")) -> coinciden
A73: {71 | B73: Eiffel | C73: =IF(ISERROR(LOOKUP(2^15,SEARCH(B73,'2023'!$B$3:$B$1734,1),'2023'!$A$3:$A$1734)),"NO","SI") -> NO | D73: =IF(ISERROR(LOOKUP(2^15,SEARCH(B73,'2022'!$B$2:$B$1591,1),'2022'!$A$2:$A$1591)),"NO","SI") -> NO | E73: =IF(ISERROR(LOOKUP(2^15,SEARCH(B73,'2021'!$B$2:$B$1494,1),'2021'!$A$2:$A$1494)),"NO","SI") -> NO | F73: =IF(ISERROR(LOOKUP(2^15,SEARCH(B73,'2020'!$B$2:$B$1278,1),'2020'!$A$2:$A$1278)),"NO","SI") -> NO | G73: =IF(ISERROR(LOOKUP(2^15,SEARCH(B73,'2019'!$B$2:$B$1108,1),'2019'!$A$2:$A$1108)),"NO","SI") -> NO | H73: =IF(ISERROR(LOOKUP(2^15,SEARCH(B73,'2018'!$B$1:$B$1047,1),'2018'!$A$1:$A$1047)),"NO","SI") -> NO | I73: =IF(ISERROR(LOOKUP(2^15,SEARCH(B73,'ALERTA SANITARIA'!$B$2:$B$269,1),'2018'!$A$1:$A$1047)),"NO","SI") -> SI | J73: =IF(AND(C73="NO", I73="NO"), "Ninguno",IF(AND(C73="NO", I73="SI"), "COFEPRIS",IF(AND(C73="SI",I73="NO"),"DOF","AMBOS"))) -> COFEPRIS | K73: {=IFERROR(INDEX(Anterior!$C$1:$D$323,MATCH(B73,Anterior!$B$2:$B$323,0)+1,2),0)} -> COFEPRIS | L73: =IF(K73=J73,"coinciden",IF(K73=0,"Nuevo","Discrepan")) -> coinciden
A74: {72 | B74: El Capo | C74: =IF(ISERROR(LOOKUP(2^15,SEARCH(B74,'2023'!$B$3:$B$1734,1),'2023'!$A$3:$A$1734)),"NO","SI") -> NO | D74: =IF(ISERROR(LOOKUP(2^15,SEARCH(B74,'2022'!$B$2:$B$1591,1),'2022'!$A$2:$A$1591)),"NO","SI") -> NO | E74: =IF(ISERROR(LOOKUP(2^15,SEARCH(B74,'2021'!$B$2:$B$1494,1),'2021'!$A$2:$A$1494)),"NO","SI") -> NO | F74: =IF(ISERROR(LOOKUP(2^15,SEARCH(B74,'2020'!$B$2:$B$1278,1),'2020'!$A$2:$A$1278)),"NO","SI") -> NO | G74: =IF(ISERROR(LOOKUP(2^15,SEARCH(B74,'2019'!$B$2:$B$1108,1),'2019'!$A$2:$A$1108)),"NO","SI") -> NO | H74: =IF(ISERROR(LOOKUP(2^15,SEARCH(B74,'2018'!$B$1:$B$1047,1),'2018'!$A$1:$A$1047)),"NO","SI") -> NO | I74: =IF(ISERROR(LOOKUP(2^15,SEARCH(B74,'ALERTA SANITARIA'!$B$2:$B$269,1),'2018'!$A$1:$A$1047)),"NO","SI") -> SI | J74: =IF(AND(C74="NO", I74="NO"), "Ninguno",IF(AND(C74="NO", I74="SI"), "COFEPRIS",IF(AND(C74="SI",I74="NO"),"DOF","AMBOS"))) -> COFEPRIS | K74: {=IFERROR(INDEX(Anterior!$C$1:$D$323,MATCH(B74,Anterior!$B$2:$B$323,0)+1,2),0)} -> COFEPRIS | L74: =IF(K74=J74,"coinciden",IF(K74=0,"Nuevo","Discrepan")) -> coinciden
A75: {73 | B75: El Elegante | C75: =IF(ISERROR(LOOKUP(2^15,SEARCH(B75,'2023'!$B$3:$B$1734,1),'2023'!$A$3:$A$1734)),"NO","SI") -> NO | D75: =IF(ISERROR(LOOKUP(2^15,SEARCH(B75,'2022'!$B$2:$B$1591,1),'2022'!$A$2:$A$1591)),"NO","SI") -> NO | E75: =IF(ISERROR(LOOKUP(2^15,SEARCH(B75,'2021'!$B$2:$B$1494,1),'2021'!$A$2:$A$1494)),"NO","SI") -> NO | F75: =IF(ISERROR(LOOKUP(2^15,SEARCH(B75,'2020'!$B$2:$B$1278,1),'2020'!$A$2:$A$1278)),"NO","SI") -> NO | G75: =IF(ISERROR(LOOKUP(2^15,SEARCH(B75,'2019'!$B$2:$B$1108,1),'2019'!$A$2:$A$1108)),"NO","SI") -> NO | H75: =IF(ISERROR(LOOKUP(2^15,SEARCH(B75,'2018'!$B$1:$B$1047,1),'2018'!$A$1:$A$1047)),"NO","SI") -> NO | I75: =IF(ISERROR(LOOKUP(2^15,SEARCH(B75,'ALERTA SANITARIA'!$B$2:$B$269,1),'2018'!$A$1:$A$1047)),"NO","SI") -> SI | J75: =IF(AND(C75="NO", I75="NO"), "Ninguno",IF(AND(C75="NO", I75="SI"), "COFEPRIS",IF(AND(C75="SI",I75="NO"),"DOF","AMBOS"))) -> COFEPRIS | K75: {=IFERROR(INDEX(Anterior!$C$1:$D$323,MATCH(B75,Anterior!$B$2:$B$323,0)+1,2),0)} -> COFEPRIS | L75: =IF(K75=J75,"coinciden",IF(K75=0,"Nuevo","Discrepan")) -> coinciden
A76: {74 | B76: El Rey | C76: =IF(ISERROR(LOOKUP(2^15,SEARCH(B76,'2023'!$B$3:$B$1734,1),'2023'!$A$3:$A$1734)),"NO","SI") -> NO | D76: =IF(ISERROR(LOOKUP(2^15,SEARCH(B76,'2022'!$B$2:$B$1591,1),'2022'!$A$2:$A$1591)),"NO","SI") -> NO | E76: =IF(ISERROR(LOOKUP(2^15,SEARCH(B76,'2021'!$B$2:$B$1494,1),'2021'!$A$2:$A$1494)),"NO","SI") -> NO | F76: =IF(ISERROR(LOOKUP(2^15,SEARCH(B76,'2020'!$B$2:$B$1278,1),'2020'!$A$2:$A$1278)),"NO","SI") -> NO | G76: =IF(ISERROR(LOOKUP(2^15,SEARCH(B76,'2019'!$B$2:$B$1108,1),'2019'!$A$2:$A$1108)),"NO","SI") -> NO | H76: =IF(ISERROR(LOOKUP(2^15,SEARCH(B76,'2018'!$B$1:$B$1047,1),'2018'!$A$1:$A$1047)),"NO","SI") -> NO | I76: =IF(ISERROR(LOOKUP(2^15,SEARCH(B76,'ALERTA SANITARIA'!$B$2:$B$269,1),'2018'!$A$1:$A$1047)),"NO","SI") -> SI | J76: =IF(AND(C76="NO", I76="NO"), "Ninguno",IF(AND(C76="NO", I76="SI"), "COFEPRIS",IF(AND(C76="SI",I76="NO"),"DOF","AMBOS"))) -> COFEPRIS | K76: {=IFERROR(INDEX(Anterior!$C$1:$D$323,MATCH(B76,Anterior!$B$2:$B$323,0)+1,2),0)} -> COFEPRIS | L76: =IF(K76=J76,"coinciden",IF(K76=0,"Nuevo","Discrepan")) -> coinciden
A77: {75 | B77: Elephant | C77: =IF(ISERROR(LOOKUP(2^15,SEARCH(B77,'2023'!$B$3:$B$1734,1),'2023'!$A$3:$A$1734)),"NO","SI") -> NO | D77: =IF(ISERROR(LOOKUP(2^15,SEARCH(B77,'2022'!$B$2:$B$1591,1),'2022'!$A$2:$A$1591)),"NO","SI") -> NO | E77: =IF(ISERROR(LOOKUP(2^15,SEARCH(B77,'2021'!$B$2:$B$1494,1),'2021'!$A$2:$A$1494)),"NO","SI") -> NO | F77: =IF(ISERROR(LOOKUP(2^15,SEARCH(B77,'2020'!$B$2:$B$1278,1),'2020'!$A$2:$A$1278)),"NO","SI") -> NO | G77: =IF(ISERROR(LOOKUP(2^15,SEARCH(B77,'2019'!$B$2:$B$1108,1),'2019'!$A$2:$A$1108)),"NO","SI") -> NO | H77: =IF(ISERROR(LOOKUP(2^15,SEARCH(B77,'2018'!$B$1:$B$1047,1),'2018'!$A$1:$A$1047)),"NO","SI") -> NO | I77: =IF(ISERROR(LOOKUP(2^15,SEARCH(B77,'ALERTA SANITARIA'!$B$2:$B$269,1),'2018'!$A$1:$A$1047)),"NO","SI") -> SI | J77: =IF(AND(C77="NO", I77="NO"), "Ninguno",IF(AND(C77="NO", I77="SI"), "COFEPRIS",IF(AND(C77="SI",I77="NO"),"DOF","AMBOS"))) -> COFEPRIS | K77: {=IFERROR(INDEX(Anterior!$C$1:$D$323,MATCH(B77,Anterior!$B$2:$B$323,0)+1,2),0)} -> COFEPRIS | L77: =IF(K77=J77,"coinciden",IF(K77=0,"Nuevo","Discrepan")) -> coinciden
A78: {76 | B78: Elite | C78: =IF(ISERROR(LOOKUP(2^15,SEARCH(B78,'2023'!$B$3:$B$1734,1),'2023'!$A$3:$A$1734)),"NO","SI") -> NO | D78: =IF(ISERROR(LOOKUP(2^15,SEARCH(B78,'2022'!$B$2:$B$1591,1),'2022'!$A$2:$A$1591)),"NO","SI") -> NO | E78: =IF(ISERROR(LOOKUP(2^15,SEARCH(B78,'2021'!$B$2:$B$1494,1),'2021'!$A$2:$A$1494)),"NO","SI") -> NO | F78: =IF(ISERROR(LOOKUP(2^15,SEARCH(B78,'2020'!$B$2:$B$1278,1),'2020'!$A$2:$A$1278)),"NO","SI") -> NO | G78: =IF(ISERROR(LOOKUP(2^15,SEARCH(B78,'2019'!$B$2:$B$1108,1),'2019'!$A$2:$A$1108)),"NO","SI") -> NO | H78: =IF(ISERROR(LOOKUP(2^15,SEARCH(B78,'2018'!$B$1:$B$1047,1),'2018'!$A$1:$A$1047)),"NO","SI") -> NO | I78: =IF(ISERROR(LOOKUP(2^15,SEARCH(B78,'ALERTA SANITARIA'!$B$2:$B$269,1),'2018'!$A$1:$A$1047)),"NO","SI") -> SI | J78: =IF(AND(C78="NO", I78="NO"), "Ninguno",IF(AND(C78="NO", I78="SI"), "COFEPRIS",IF(AND(C78="SI",I78="NO"),"DOF","AMBOS"))) -> COFEPRIS | K78: {=IFERROR(INDEX(Anterior!$C$1:$D$323,MATCH(B78,Anterior!$B$2:$B$323,0)+1,2),0)} -> COFEPRIS | L78: =IF(K78=J78,"coinciden",IF(K78=0,"Nuevo","Discrepan")) -> coinciden
... A82: {80 | B82: Evidence | C82: =IF(ISERROR(LOOKUP(2^15,SEARCH(B82,'2023'!$B$3:$B$1734,1),'2023'!$A$3:$A$1734)),"NO","SI") -> NO | D82: =IF(ISERROR(LOOKUP(2^15,SEARCH(B82,'2022'!$B$2:$B$1591,1),'2022'!$A$2:$A$1591)),"NO","SI") -> NO | E82: =IF(ISERROR(LOOKUP(2^15,SEARCH(B82,'2021'!$B$2:$B$1494,1),'2021'!$A$2:$A$1494)),"NO","SI") -> NO | F82: =IF(ISERROR(LOOKUP(2^15,SEARCH(B82,'2020'!$B$2:$B$1278,1),'2020'!$A$2:$A$1278)),"NO","SI") -> NO | G82: =IF(ISERROR(LOOKUP(2^15,SEARCH(B82,'2019'!$B$2:$B$1108,1),'2019'!$A$2:$A$1108)),"NO","SI") -> NO | H82: =IF(ISERROR(LOOKUP(2^15,SEARCH(B82,'2018'!$B$1:$B$1047,1),'2018'!$A$1:$A$1047)),"NO","SI") -> NO | I82: =IF(ISERROR(LOOKUP(2^15,SEARCH(B82,'ALERTA SANITARIA'!$B$2:$B$269,1),'2018'!$A$1:$A$1047)),"NO","SI") -> SI | J82: =IF(AND(C82="NO", I82="NO"), "Ninguno",IF(AND(C82="NO", I82="SI"), "COFEPRIS",IF(AND(C82="SI",I82="NO"),"DOF","AMBOS"))) -> COFEPRIS | K82: {=IFERROR(INDEX(Anterior!$C$1:$D$323,MATCH(B82,Anterior!$B$2:$B$323,0)+1,2),0)} -> COFEPRIS | L82: =IF(K82=J82,"coinciden",IF(K82=0,"Nuevo","Discrepan")) -> coinciden
A83: {81 | B83: Exactos | C83: NO | D83: NO | E83: NO | F83: NO | G83: NO | H83: NO | I83: =IF(ISERROR(LOOKUP(2^15,SEARCH(B83,'ALERTA SANITARIA'!$B$2:$B$269,1),'2018'!$A$1:$A$1047)),"NO","SI") -> NO | J83: =IF(AND(C83="NO", I83="NO"), "Ninguno",IF(AND(C83="NO", I83="SI"), "COFEPRIS",IF(AND(C83="SI",I83="NO"),"DOF","AMBOS"))) -> Ninguno | K83: {=IFERROR(INDEX(Anterior!$C$1:$D$323,MATCH(B83,Anterior!$B$2:$B$323,0)+1,2),0)} -> DOF | L83: =IF(K83=J83,"coinciden",IF(K83=0,"Nuevo","Discrepan")) -> Discrepan | M83: NO | P83: *aparece unicamente como variante de marca pall mall(pall mall exctos)
A84: {82 | B84: Fama | C84: =IF(ISERROR(LOOKUP(2^15,SEARCH(B84,'2023'!$B$3:$B$1734,1),'2023'!$A$3:$A$1734)),"NO","SI") -> NO | D84: =IF(ISERROR(LOOKUP(2^15,SEARCH(B84,'2022'!$B$2:$B$1591,1),'2022'!$A$2:$A$1591)),"NO","SI") -> NO | E84: =IF(ISERROR(LOOKUP(2^15,SEARCH(B84,'2021'!$B$2:$B$1494,1),'2021'!$A$2:$A$1494)),"NO","SI") -> NO | F84: =IF(ISERROR(LOOKUP(2^15,SEARCH(B84,'2020'!$B$2:$B$1278,1),'2020'!$A$2:$A$1278)),"NO","SI") -> NO | G84: =IF(ISERROR(LOOKUP(2^15,SEARCH(B84,'2019'!$B$2:$B$1108,1),'2019'!$A$2:$A$1108)),"NO","SI") -> NO | H84: =IF(ISERROR(LOOKUP(2^15,SEARCH(B84,'2018'!$B$1:$B$1047,1),'2018'!$A$1:$A$1047)),"NO","SI") -> NO | I84: =IF(ISERROR(LOOKUP(2^15,SEARCH(B84,'ALERTA SANITARIA'!$B$2:$B$269,1),'2018'!$A$1:$A$1047)),"NO","SI") -> SI | J84: =IF(AND(C84="NO", I84="NO"), "Ninguno",IF(AND(C84="NO", I84="SI"), "COFEPRIS",IF(AND(C84="SI",I84="NO"),"DOF","AMBOS"))) -> COFEPRIS | K84: {=IFERROR(INDEX(Anterior!$C$1:$D$323,MATCH(B84,Anterior!$B$2:$B$323,0)+1,2),0)} -> COFEPRIS | L84: =IF(K84=J84,"coinciden",IF(K84=0,"Nuevo","Discrepan")) -> coinciden
A85: {83 | B85: Faros | C85: =IF(ISERROR(LOOKUP(2^15,SEARCH(B85,'2023'!$B$3:$B$1734,1),'2023'!$A$3:$A$1734)),"NO","SI") -> SI | D85: =IF(ISERROR(LOOKUP(2^15,SEARCH(B85,'2022'!$B$2:$B$1591,1),'2022'!$A$2:$A$1591)),"NO","SI") -> SI | E85: =IF(ISERROR(LOOKUP(2^15,SEARCH(B85,'2021'!$B$2:$B$1494,1),'2021'!$A$2:$A$1494)),"NO","SI") -> SI | F85: =IF(ISERROR(LOOKUP(2^15,SEARCH(B85,'2020'!$B$2:$B$1278,1),'2020'!$A$2:$A$1278)),"NO","SI") -> SI | G85: =IF(ISERROR(LOOKUP(2^15,SEARCH(B85,'2019'!$B$2:$B$1108,1),'2019'!$A$2:$A$1108)),"NO","SI") -> SI | H85: =IF(ISERROR(LOOKUP(2^15,SEARCH(B85,'2018'!$B$1:$B$1047,1),'2018'!$A$1:$A$1047)),"NO","SI") -> SI | I85: =IF(ISERROR(LOOKUP(2^15,SEARCH(B85,'ALERTA SANITARIA'!$B$2:$B$269,1),'2018'!$A$1:$A$1047)),"NO","SI") -> NO | J85: =IF(AND(C85="NO", I85="NO"), "Ninguno",IF(AND(C85="NO", I85="SI"), "COFEPRIS",IF(AND(C85="SI",I85="NO"),"DOF","AMBOS"))) -> DOF | K85: {=IFERROR(INDEX(Anterior!$C$1:$D$323,MATCH(B85,Anterior!$B$2:$B$323,0)+1,2),0)} -> DOF | L85: =IF(K85=J85,"coinciden",IF(K85=0,"Nuevo","Discrepan")) -> coinciden
A86: {84 | B86: Farstar | C86: =IF(ISERROR(LOOKUP(2^15,SEARCH(B86,'2023'!$B$3:$B$1734,1),'2023'!$A$3:$A$1734)),"NO","SI") -> NO | D86: =IF(ISERROR(LOOKUP(2^15,SEARCH(B86,'2022'!$B$2:$B$1591,1),'2022'!$A$2:$A$1591)),"NO","SI") -> NO | E86: =IF(ISERROR(LOOKUP(2^15,SEARCH(B86,'2021'!$B$2:$B$1494,1),'2021'!$A$2:$A$1494)),"NO","SI") -> NO | F86: =IF(ISERROR(LOOKUP(2^15,SEARCH(B86,'2020'!$B$2:$B$1278,1),'2020'!$A$2:$A$1278)),"NO","SI") -> NO | G86: =IF(ISERROR(LOOKUP(2^15,SEARCH(B86,'2019'!$B$2:$B$1108,1),'2019'!$A$2:$A$1108)),"NO","SI") -> NO | H86: =IF(ISERROR(LOOKUP(2^15,SEARCH(B86,'2018'!$B$1:$B$1047,1),'2018'!$A$1:$A$1047)),"NO","SI") -> NO | I86: =IF(ISERROR(LOOKUP(2^15,SEARCH(B86,'ALERTA SANITARIA'!$B$2:$B$269,1),'2018'!$A$1:$A$1047)),"NO","SI") -> SI | J86: =IF(AND(C86="NO", I86="NO"), "Ninguno",IF(AND(C86="NO", I86="SI"), "COFEPRIS",IF(AND(C86="SI",I86="NO"),"DOF","AMBOS"))) -> COFEPRIS | K86: {=IFERROR(INDEX(Anterior!$C$1:$D$323,MATCH(B86,Anterior!$B$2:$B$323,0)+1,2),0)} -> COFEPRIS | L86: =IF(K86=J86,"coinciden",IF(K86=0,"Nuevo","Discrepan")) -> coinciden
A87: {85 | B87: Fiesta | C87: =IF(ISERROR(LOOKUP(2^15,SEARCH(B87,'2023'!$B$3:$B$1734,1),'2023'!$A$3:$A$1734)),"NO","SI") -> SI | D87: =IF(ISERROR(LOOKUP(2^15,SEARCH(B87,'2022'!$B$2:$B$1591,1),'2022'!$A$2:$A$1591)),"NO","SI") -> SI | E87: =IF(ISERROR(LOOKUP(2^15,SEARCH(B87,'2021'!$B$2:$B$1494,1),'2021'!$A$2:$A$1494)),"NO","SI") -> SI | F87: =IF(ISERROR(LOOKUP(2^15,SEARCH(B87,'2020'!$B$2:$B$1278,1),'2020'!$A$2:$A$1278)),"NO","SI") -> SI | G87: =IF(ISERROR(LOOKUP(2^15,SEARCH(B87,'2019'!$B$2:$B$1108,1),'2019'!$A$2:$A$1108)),"NO","SI") -> SI | H87: =IF(ISERROR(LOOKUP(2^15,SEARCH(B87,'2018'!$B$1:$B$1047,1),'2018'!$A$1:$A$1047)),"NO","SI") -> SI | I87: =IF(ISERROR(LOOKUP(2^15,SEARCH(B87,'ALERTA SANITARIA'!$B$2:$B$269,1),'2018'!$A$1:$A$1047)),"NO","SI") -> NO | J87: =IF(AND(C87="NO", I87="NO"), "Ninguno",IF(AND(C87="NO", I87="SI"), "COFEPRIS",IF(AND(C87="SI",I87="NO"),"DOF","AMBOS"))) -> DOF | K87: {=IFERROR(INDEX(Anterior!$C$1:$D$323,MATCH(B87,Anterior!$B$2:$B$323,0)+1,2),0)} -> DOF | L87: =IF(K87=J87,"coinciden",IF(K87=0,"Nuevo","Discrepan")) -> coinciden
A88: {86 | B88: Fire Dance | C88: =IF(ISERROR(LOOKUP(2^15,SEARCH(B88,'2023'!$B$3:$B$1734,1),'2023'!$A$3:$A$1734)),"NO","SI") -> SI | D88: =IF(ISERROR(LOOKUP(2^15,SEARCH(B88,'2022'!$B$2:$B$1591,1),'2022'!$A$2:$A$1591)),"NO","SI") -> SI | E88: =IF(ISERROR(LOOKUP(2^15,SEARCH(B88,'2021'!$B$2:$B$1494,1),'2021'!$A$2:$A$1494)),"NO","SI") -> SI | F88: =IF(ISERROR(LOOKUP(2^15,SEARCH(B88,'2020'!$B$2:$B$1278,1),'2020'!$A$2:$A$1278)),"NO","SI") -> SI | G88: =IF(ISERROR(LOOKUP(2^15,SEARCH(B88,'2019'!$B$2:$B$1108,1),'2019'!$A$2:$A$1108)),"NO","SI") -> SI | H88: =IF(ISERROR(LOOKUP(2^15,SEARCH(B88,'2018'!$B$1:$B$1047,1),'2018'!$A$1:$A$1047)),"NO","SI") -> SI | I88: =IF(ISERROR(LOOKUP(2^15,SEARCH(B88,'ALERTA SANITARIA'!$B$2:$B$269,1),'2018'!$A$1:$A$1047)),"NO","SI") -> NO | J88: =IF(AND(C88="NO", I88="NO"), "Ninguno",IF(AND(C88="NO", I88="SI"), "COFEPRIS",IF(AND(C88="SI",I88="NO"),"DOF","AMBOS"))) -> DOF | K88: {=IFERROR(INDEX(Anterior!$C$1:$D$323,MATCH(B88,Anterior!$B$2:$B$323,0)+1,2),0)} -> DOF | L88: =IF(K88=J88,"coinciden",IF(K88=0,"Nuevo","Discrepan")) -> coinciden
A89: {87 | B89: Flash | C89: NO | D89: NO | E89: NO | F89: =IF(ISERROR(LOOKUP(2^15,SEARCH(B89,'2020'!$B$2:$B$1278,1),'2020'!$A$2:$A$1278)),"NO","SI") -> NO | G89: =IF(ISERROR(LOOKUP(2^15,SEARCH(B89,'2019'!$B$2:$B$1108,1),'2019'!$A$2:$A$1108)),"NO","SI") -> NO | H89: =IF(ISERROR(LOOKUP(2^15,SEARCH(B89,'2018'!$B$1:$B$1047,1),'2018'!$A$1:$A$1047)),"NO","SI") -> NO | I89: =IF(ISERROR(LOOKUP(2^15,SEARCH(B89,'ALERTA SANITARIA'!$B$2:$B$269,1),'2018'!$A$1:$A$1047)),"NO","SI") -> SI | J89: =IF(AND(C89="NO", I89="NO"), "Ninguno",IF(AND(C89="NO", I89="SI"), "COFEPRIS",IF(AND(C89="SI",I89="NO"),"DOF","AMBOS"))) -> COFEPRIS | K89: {=IFERROR(INDEX(Anterior!$C$1:$D$323,MATCH(B89,Anterior!$B$2:$B$323,0)+1,2),0)} -> 0 | L89: =IF(K89=J89,"coinciden",IF(K89=0,"Nuevo","Discrepan")) -> Nuevo | P89: *Flash aparece como variante de la marca camel
A90: {88 | B90: Flore | C90: =IF(ISERROR(LOOKUP(2^15,SEARCH(B90,'2023'!$B$3:$B$1734,1),'2023'!$A$3:$A$1734)),"NO","SI") -> NO | D90: =IF(ISERROR(LOOKUP(2^15,SEARCH(B90,'2022'!$B$2:$B$1591,1),'2022'!$A$2:$A$1591)),"NO","SI") -> NO | E90: =IF(ISERROR(LOOKUP(2^15,SEARCH(B90,'2021'!$B$2:$B$1494,1),'2021'!$A$2:$A$1494)),"NO","SI") -> NO | F90: =IF(ISERROR(LOOKUP(2^15,SEARCH(B90,'2020'!$B$2:$B$1278,1),'2020'!$A$2:$A$1278)),"NO","SI") -> NO | G90: =IF(ISERROR(LOOKUP(2^15,SEARCH(B90,'2019'!$B$2:$B$1108,1),'2019'!$A$2:$A$1108)),"NO","SI") -> NO | H90: =IF(ISERROR(LOOKUP(2^15,SEARCH(B90,'2018'!$B$1:$B$1047,1),'2018'!$A$1:$A$1047)),"NO","SI") -> NO | I90: =IF(ISERROR(LOOKUP(2^15,SEARCH(B90,'ALERTA SANITARIA'!$B$2:$B$269,1),'2018'!$A$1:$A$1047)),"NO","SI") -> NO | J90: =IF(AND(C90="NO", I90="NO"), "Ninguno",IF(AND(C90="NO", I90="SI"), "COFEPRIS",IF(AND(C90="SI",I90="NO"),"DOF","AMBOS"))) -> Ninguno | K90: {=IFERROR(INDEX(Anterior!$C$1:$D$323,MATCH(B90,Anterior!$B$2:$B$323,0)+1,2),0)} -> Ninguno | L90: =IF(K90=J90,"coinciden",IF(K90=0,"Nuevo","Discrepan")) -> coinciden | M90: NO
A91: {89 | B91: Forastero | C91: =IF(ISERROR(LOOKUP(2^15,SEARCH(B91,'2023'!$B$3:$B$1734,1),'2023'!$A$3:$A$1734)),"NO","SI") -> NO | D91: =IF(ISERROR(LOOKUP(2^15,SEARCH(B91,'2022'!$B$2:$B$1591,1),'2022'!$A$2:$A$1591)),"NO","SI") -> NO | E91: =IF(ISERROR(LOOKUP(2^15,SEARCH(B91,'2021'!$B$2:$B$1494,1),'2021'!$A$2:$A$1494)),"NO","SI") -> NO | F91: =IF(ISERROR(LOOKUP(2^15,SEARCH(B91,'2020'!$B$2:$B$1278,1),'2020'!$A$2:$A$1278)),"NO","SI") -> NO | G91: =IF(ISERROR(LOOKUP(2^15,SEARCH(B91,'2019'!$B$2:$B$1108,1),'2019'!$A$2:$A$1108)),"NO","SI") -> NO | H91: =IF(ISERROR(LOOKUP(2^15,SEARCH(B91,'2018'!$B$1:$B$1047,1),'2018'!$A$1:$A$1047)),"NO","SI") -> NO | I91: =IF(ISERROR(LOOKUP(2^15,SEARCH(B91,'ALERTA SANITARIA'!$B$2:$B$269,1),'2018'!$A$1:$A$1047)),"NO","SI") -> SI | J91: =IF(AND(C91="NO", I91="NO"), "Ninguno",IF(AND(C91="NO", I91="SI"), "COFEPRIS",IF(AND(C91="SI",I91="NO"),"DOF","AMBOS"))) -> COFEPRIS | K91: {=IFERROR(INDEX(Anterior!$C$1:$D$323,MATCH(B91,Anterior!$B$2:$B$323,0)+1,2),0)} -> COFEPRIS | L91: =IF(K91=J91,"coinciden",IF(K91=0,"Nuevo","Discrepan")) -> coinciden
A92: {90 | B92: Fortuna | C92: =IF(ISERROR(LOOKUP(2^15,SEARCH(B92,'2023'!$B$3:$B$1734,1),'2023'!$A$3:$A$1734)),"NO","SI") -> SI | D92: =IF(ISERROR(LOOKUP(2^15,SEARCH(B92,'2022'!$B$2:$B$1591,1),'2022'!$A$2:$A$1591)),"NO","SI") -> SI | E92: =IF(ISERROR(LOOKUP(2^15,SEARCH(B92,'2021'!$B$2:$B$1494,1),'2021'!$A$2:$A$1494)),"NO","SI") -> SI | F92: =IF(ISERROR(LOOKUP(2^15,SEARCH(B92,'2020'!$B$2:$B$1278,1),'2020'!$A$2:$A$1278)),"NO","SI") -> SI | G92: =IF(ISERROR(LOOKUP(2^15,SEARCH(B92,'2019'!$B$2:$B$1108,1),'2019'!$A$2:$A$1108)),"NO","SI") -> SI | H92: =IF(ISERROR(LOOKUP(2^15,SEARCH(B92,'2018'!$B$1:$B$1047,1),'2018'!$A$1:$A$1047)),"NO","SI") -> SI | I92: =IF(ISERROR(LOOKUP(2^15,SEARCH(B92,'ALERTA SANITARIA'!$B$2:$B$269,1),'2018'!$A$1:$A$1047)),"NO","SI") -> NO | J92: =IF(AND(C92="NO", I92="NO"), "Ninguno",IF(AND(C92="NO", I92="SI"), "COFEPRIS",IF(AND(C92="SI",I92="NO"),"DOF","AMBOS"))) -> DOF | K92: {=IFERROR(INDEX(Anterior!$C$1:$D$323,MATCH(B92,Anterior!$B$2:$B$323,0)+1,2),0)} -> DOF | L92: =IF(K92=J92,"coinciden",IF(K92=0,"Nuevo","Discrepan")) -> coinciden
A93: {91 | B93: Fox | C93: =IF(ISERROR(LOOKUP(2^15,SEARCH(B93,'2023'!$B$3:$B$1734,1),'2023'!$A$3:$A$1734)),"NO","SI") -> NO | D93: =IF(ISERROR(LOOKUP(2^15,SEARCH(B93,'2022'!$B$2:$B$1591,1),'2022'!$A$2:$A$1591)),"NO","SI") -> NO | E93: =IF(ISERROR(LOOKUP(2^15,SEARCH(B93,'2021'!$B$2:$B$1494,1),'2021'!$A$2:$A$1494)),"NO","SI") -> NO | F93: =IF(ISERROR(LOOKUP(2^15,SEARCH(B93,'2020'!$B$2:$B$1278,1),'2020'!$A$2:$A$1278)),"NO","SI") -> NO | G93: =IF(ISERROR(LOOKUP(2^15,SEARCH(B93,'2019'!$B$2:$B$1108,1),'2019'!$A$2:$A$1108)),"NO","SI") -> NO | H93: =IF(ISERROR(LOOKUP(2^15,SEARCH(B93,'2018'!$B$1:$B$1047,1),'2018'!$A$1:$A$1047)),"NO","SI") -> NO | I93: =IF(ISERROR(LOOKUP(2^15,SEARCH(B93,'ALERTA SANITARIA'!$B$2:$B$269,1),'2018'!$A$1:$A$1047)),"NO","SI") -> SI | J93: =IF(AND(C93="NO", I93="NO"), "Ninguno",IF(AND(C93="NO", I93="SI"), "COFEPRIS",IF(AND(C93="SI",I93="NO"),"DOF","AMBOS"))) -> COFEPRIS | K93: {=IFERROR(INDEX(Anterior!$C$1:$D$323,MATCH(B93,Anterior!$B$2:$B$323,0)+1,2),0)} -> COFEPRIS | L93: =IF(K93=J93,"coinciden",IF(K93=0,"Nuevo","Discrepan")) -> coinciden
A94: {92 | B94: Fugitivo | C94: =IF(ISERROR(LOOKUP(2^15,SEARCH(B94,'2023'!$B$3:$B$1734,1),'2023'!$A$3:$A$1734)),"NO","SI") -> NO | D94: =IF(ISERROR(LOOKUP(2^15,SEARCH(B94,'2022'!$B$2:$B$1591,1),'2022'!$A$2:$A$1591)),"NO","SI") -> NO | E94: =IF(ISERROR(LOOKUP(2^15,SEARCH(B94,'2021'!$B$2:$B$1494,1),'2021'!$A$2:$A$1494)),"NO","SI") -> NO | F94: =IF(ISERROR(LOOKUP(2^15,SEARCH(B94,'2020'!$B$2:$B$1278,1),'2020'!$A$2:$A$1278)),"NO","SI") -> NO | G94: =IF(ISERROR(LOOKUP(2^15,SEARCH(B94,'2019'!$B$2:$B$1108,1),'2019'!$A$2:$A$1108)),"NO","SI") -> NO | H94: =IF(ISERROR(LOOKUP(2^15,SEARCH(B94,'2018'!$B$1:$B$1047,1),'2018'!$A$1:$A$1047)),"NO","SI") -> NO | I94: =IF(ISERROR(LOOKUP(2^15,SEARCH(B94,'ALERTA SANITARIA'!$B$2:$B$269,1),'2018'!$A$1:$A$1047)),"NO","SI") -> SI | J94: =IF(AND(C94="NO", I94="NO"), "Ninguno",IF(AND(C94="NO", I94="SI"), "COFEPRIS",IF(AND(C94="SI",I94="NO"),"DOF","AMBOS"))) -> COFEPRIS | K94: {=IFERROR(INDEX(Anterior!$C$1:$D$323,MATCH(B94,Anterior!$B$2:$B$323,0)+1,2),0)} -> COFEPRIS | L94: =IF(K94=J94,"coinciden",IF(K94=0,"Nuevo","Discrepan")) -> coinciden
A95: {93 | B95: FX | C95: =IF(ISERROR(LOOKUP(2^15,SEARCH(B95,'2023'!$B$3:$B$1734,1),'2023'!$A$3:$A$1734)),"NO","SI") -> NO | D95: =IF(ISERROR(LOOKUP(2^15,SEARCH(B95,'2022'!$B$2:$B$1591,1),'2022'!$A$2:$A$1591)),"NO","SI") -> NO | E95: =IF(ISERROR(LOOKUP(2^15,SEARCH(B95,'2021'!$B$2:$B$1494,1),'2021'!$A$2:$A$1494)),"NO","SI") -> NO | F95: =IF(ISERROR(LOOKUP(2^15,SEARCH(B95,'2020'!$B$2:$B$1278,1),'2020'!$A$2:$A$1278)),"NO","SI") -> NO | G95: =IF(ISERROR(LOOKUP(2^15,SEARCH(B95,'2019'!$B$2:$B$1108,1),'2019'!$A$2:$A$1108)),"NO","SI") -> NO | H95: =IF(ISERROR(LOOKUP(2^15,SEARCH(B95,'2018'!$B$1:$B$1047,1),'2018'!$A$1:$A$1047)),"NO","SI") -> NO | I95: =IF(ISERROR(LOOKUP(2^15,SEARCH(B95,'ALERTA SANITARIA'!$B$2:$B$269,1),'2018'!$A$1:$A$1047)),"NO","SI") -> SI | J95: =IF(AND(C95="NO", I95="NO"), "Ninguno",IF(AND(C95="NO", I95="SI"), "COFEPRIS",IF(AND(C95="SI",I95="NO"),"DOF","AMBOS"))) -> COFEPRIS | K95: {=IFERROR(INDEX(Anterior!$C$1:$D$323,MATCH(B95,Anterior!$B$2:$B$323,0)+1,2),0)} -> COFEPRIS | L95: =IF(K95=J95,"coinciden",IF(K95=0,"Nuevo","Discrepan")) -> coinciden
A96: {94 | B96: Garañon | C96: =IF(ISERROR(LOOKUP(2^15,SEARCH(B96,'2023'!$B$3:$B$1734,1),'2023'!$A$3:$A$1734)),"NO","SI") -> SI | D96: =IF(ISERROR(LOOKUP(2^15,SEARCH(B96,'2022'!$B$2:$B$1591,1),'2022'!$A$2:$A$1591)),"NO","SI") -> SI | E96: =IF(ISERROR(LOOKUP(2^15,SEARCH(B96,'2021'!$B$2:$B$1494,1),'2021'!$A$2:$A$1494)),"NO","SI") -> SI | F96: =IF(ISERROR(LOOKUP(2^15,SEARCH(B96,'2020'!$B$2:$B$1278,1),'2020'!$A$2:$A$1278)),"NO","SI") -> SI | G96: =IF(ISERROR(LOOKUP(2^15,SEARCH(B96,'2019'!$B$2:$B$1108,1),'2019'!$A$2:$A$1108)),"NO","SI") -> SI | H96: =IF(ISERROR(LOOKUP(2^15,SEARCH(B96,'2018'!$B$1:$B$1047,1),'2018'!$A$1:$A$1047)),"NO","SI") -> SI | I96: =IF(ISERROR(LOOKUP(2^15,SEARCH(B96,'ALERTA SANITARIA'!$B$2:$B$269,1),'2018'!$A$1:$A$1047)),"NO","SI") -> NO | J96: =IF(AND(C96="NO", I96="NO"), "Ninguno",IF(AND(C96="NO", I96="SI"), "COFEPRIS",IF(AND(C96="SI",I96="NO"),"DOF","AMBOS"))) -> DOF | K96: {=IFERROR(INDEX(Anterior!$C$1:$D$323,MATCH(B96,Anterior!$B$2:$B$323,0)+1,2),0)} -> DOF | L96: =IF(K96=J96,"coinciden",IF(K96=0,"Nuevo","Discrepan")) -> coinciden
A97: {95 | B97: GD | C97: =IF(ISERROR(LOOKUP(2^15,SEARCH(B97,'2023'!$B$3:$B$1734,1),'2023'!$A$3:$A$1734)),"NO","SI") -> SI | D97: =IF(ISERROR(LOOKUP(2^15,SEARCH(B97,'2022'!$B$2:$B$1591,1),'2022'!$A$2:$A$1591)),"NO","SI") -> SI | E97: =IF(ISERROR(LOOKUP(2^15,SEARCH(B97,'2021'!$B$2:$B$1494,1),'2021'!$A$2:$A$1494)),"NO","SI") -> SI | F97: =IF(ISERROR(LOOKUP(2^15,SEARCH(B97,'2020'!$B$2:$B$1278,1),'2020'!$A$2:$A$1278)),"NO","SI") -> SI | G97: =IF(ISERROR(LOOKUP(2^15,SEARCH(B97,'2019'!$B$2:$B$1108,1),'2019'!$A$2:$A$1108)),"NO","SI") -> SI | H97: =IF(ISERROR(LOOKUP(2^15,SEARCH(B97,'2018'!$B$1:$B$1047,1),'2018'!$A$1:$A$1047)),"NO","SI") -> SI | I97: =IF(ISERROR(LOOKUP(2^15,SEARCH(B97,'ALERTA SANITARIA'!$B$2:$B$269,1),'2018'!$A$1:$A$1047)),"NO","SI") -> SI | J97: =IF(AND(C97="NO", I97="NO"), "Ninguno",IF(AND(C97="NO", I97="SI"), "COFEPRIS",IF(AND(C97="SI",I97="NO"),"DOF","AMBOS"))) -> AMBOS | K97: {=IFERROR(INDEX(Anterior!$C$1:$D$323,MATCH(B97,Anterior!$B$2:$B$323,0)+1,2),0)} -> COFEPRIS | L97: =IF(K97=J97,"coinciden",IF(K97=0,"Nuevo","Discrepan")) -> Discrepan | M97: NO
A98: {96 | B98: Gem | C98: =IF(ISERROR(LOOKUP(2^15,SEARCH(B98,'2023'!$B$3:$B$1734,1),'2023'!$A$3:$A$1734)),"NO","SI") -> NO | D98: =IF(ISERROR(LOOKUP(2^15,SEARCH(B98,'2022'!$B$2:$B$1591,1),'2022'!$A$2:$A$1591)),"NO","SI") -> NO | E98: =IF(ISERROR(LOOKUP(2^15,SEARCH(B98,'2021'!$B$2:$B$1494,1),'2021'!$A$2:$A$1494)),"NO","SI") -> NO | F98: =IF(ISERROR(LOOKUP(2^15,SEARCH(B98,'2020'!$B$2:$B$1278,1),'2020'!$A$2:$A$1278)),"NO","SI") -> NO | G98: =IF(ISERROR(LOOKUP(2^15,SEARCH(B98,'2019'!$B$2:$B$1108,1),'2019'!$A$2:$A$1108)),"NO","SI") -> NO | H98: =IF(ISERROR(LOOKUP(2^15,SEARCH(B98,'2018'!$B$1:$B$1047,1),'2018'!$A$1:$A$1047)),"NO","SI") -> NO | I98: =IF(ISERROR(LOOKUP(2^15,SEARCH(B98,'ALERTA SANITARIA'!$B$2:$B$269,1),'2018'!$A$1:$A$1047)),"NO","SI") -> SI | J98: =IF(AND(C98="NO", I98="NO"), "Ninguno",IF(AND(C98="NO", I98="SI"), "COFEPRIS",IF(AND(C98="SI",I98="NO"),"DOF","AMBOS"))) -> COFEPRIS | K98: {=IFERROR(INDEX(Anterior!$C$1:$D$323,MATCH(B98,Anterior!$B$2:$B$323,0)+1,2),0)} -> COFEPRIS | L98: =IF(K98=J98,"coinciden",IF(K98=0,"Nuevo","Discrepan")) -> coinciden
A99: {97 | B99: General | C99: =IF(ISERROR(LOOKUP(2^15,SEARCH(B99,'2023'!$B$3:$B$1734,1),'2023'!$A$3:$A$1734)),"NO","SI") -> NO | D99: =IF(ISERROR(LOOKUP(2^15,SEARCH(B99,'2022'!$B$2:$B$1591,1),'2022'!$A$2:$A$1591)),"NO","SI") -> NO | E99: =IF(ISERROR(LOOKUP(2^15,SEARCH(B99,'2021'!$B$2:$B$1494,1),'2021'!$A$2:$A$1494)),"NO","SI") -> NO | F99: =IF(ISERROR(LOOKUP(2^15,SEARCH(B99,'2020'!$B$2:$B$1278,1),'2020'!$A$2:$A$1278)),"NO","SI") -> NO | G99: =IF(ISERROR(LOOKUP(2^15,SEARCH(B99,'2019'!$B$2:$B$1108,1),'2019'!$A$2:$A$1108)),"NO","SI") -> NO | H99: =IF(ISERROR(LOOKUP(2^15,SEARCH(B99,'2018'!$B$1:$B$1047,1),'2018'!$A$1:$A$1047)),"NO","SI") -> NO | I99: =IF(ISERROR(LOOKUP(2^15,SEARCH(B99,'ALERTA SANITARIA'!$B$2:$B$269,1),'2018'!$A$1:$A$1047)),"NO","SI") -> SI | J99: =IF(AND(C99="NO", I99="NO"), "Ninguno",IF(AND(C99="NO", I99="SI"), "COFEPRIS",IF(AND(C99="SI",I99="NO"),"DOF","AMBOS"))) -> COFEPRIS | K99: {=IFERROR(INDEX(Anterior!$C$1:$D$323,MATCH(B99,Anterior!$B$2:$B$323,0)+1,2),0)} -> COFEPRIS | L99: =IF(K99=J99,"coinciden",IF(K99=0,"Nuevo","Discrepan")) -> coinciden
A100: {98 | B100: Gentori | C100: =IF(ISERROR(LOOKUP(2^15,SEARCH(B100,'2023'!$B$3:$B$1734,1),'2023'!$A$3:$A$1734)),"NO","SI") -> NO | D100: =IF(ISERROR(LOOKUP(2^15,SEARCH(B100,'2022'!$B$2:$B$1591,1),'2022'!$A$2:$A$1591)),"NO","SI") -> NO | E100: =IF(ISERROR(LOOKUP(2^15,SEARCH(B100,'2021'!$B$2:$B$1494,1),'2021'!$A$2:$A$1494)),"NO","SI") -> NO | F100: =IF(ISERROR(LOOKUP(2^15,SEARCH(B100,'2020'!$B$2:$B$1278,1),'2020'!$A$2:$A$1278)),"NO","SI") -> NO | G100: =IF(ISERROR(LOOKUP(2^15,SEARCH(B100,'2019'!$B$2:$B$1108,1),'2019'!$A$2:$A$1108)),"NO","SI") -> NO | H100: =IF(ISERROR(LOOKUP(2^15,SEARCH(B100,'2018'!$B$1:$B$1047,1),'2018'!$A$1:$A$1047)),"NO","SI") -> NO | I100: =IF(ISERROR(LOOKUP(2^15,SEARCH(B100,'ALERTA SANITARIA'!$B$2:$B$269,1),'2018'!$A$1:$A$1047)),"NO","SI") -> SI | J100: =IF(AND(C100="NO", I100="NO"), "Ninguno",IF(AND(C100="NO", I100="SI"), "COFEPRIS",IF(AND(C100="SI",I100="NO"),"DOF","AMBOS"))) -> COFEPRIS | K100: {=IFERROR(INDEX(Anterior!$C$1:$D$323,MATCH(B100,Anterior!$B$2:$B$323,0)+1,2),0)} -> COFEPRIS | L100: =IF(K100=J100,"coinciden",IF(K100=0,"Nuevo","Discrepan")) -> coinciden
A101: {99 | B101: Glory | C101: =IF(ISERROR(LOOKUP(2^15,SEARCH(B101,'2023'!$B$3:$B$1734,1),'2023'!$A$3:$A$1734)),"NO","SI") -> NO | D101: =IF(ISERROR(LOOKUP(2^15,SEARCH(B101,'2022'!$B$2:$B$1591,1),'2022'!$A$2:$A$1591)),"NO","SI") -> NO | E101: =IF(ISERROR(LOOKUP(2^15,SEARCH(B101,'2021'!$B$2:$B$1494,1),'2021'!$A$2:$A$1494)),"NO","SI") -> NO | F101: =IF(ISERROR(LOOKUP(2^15,SEARCH(B101,'2020'!$B$2:$B$1278,1),'2020'!$A$2:$A$1278)),"NO","SI") -> NO | G101: =IF(ISERROR(LOOKUP(2^15,SEARCH(B101,'2019'!$B$2:$B$1108,1),'2019'!$A$2:$A$1108)),"NO","SI") -> NO | H101: =IF(ISERROR(LOOKUP(2^15,SEARCH(B101,'2018'!$B$1:$B$1047,1),'2018'!$A$1:$A$1047)),"NO","SI") -> NO | I101: =IF(ISERROR(LOOKUP(2^15,SEARCH(B101,'ALERTA SANITARIA'!$B$2:$B$269,1),'2018'!$A$1:$A$1047)),"NO","SI") -> SI | J101: =IF(AND(C101="NO", I101="NO"), "Ninguno",IF(AND(C101="NO", I101="SI"), "COFEPRIS",IF(AND(C101="SI",I101="NO"),"DOF","AMBOS"))) -> COFEPRIS | K101: {=IFERROR(INDEX(Anterior!$C$1:$D$323,MATCH(B101,Anterior!$B$2:$B$323,0)+1,2),0)} -> COFEPRIS | L101: =IF(K101=J101,"coinciden",IF(K101=0,"Nuevo","Discrepan")) -> coinciden
A102: {100 | B102: Goal | C102: =IF(ISERROR(LOOKUP(2^15,SEARCH(B102,'2023'!$B$3:$B$1734,1),'2023'!$A$3:$A$1734)),"NO","SI") -> NO | D102: =IF(ISERROR(LOOKUP(2^15,SEARCH(B102,'2022'!$B$2:$B$1591,1),'2022'!$A$2:$A$1591)),"NO","SI") -> NO | E102: =IF(ISERROR(LOOKUP(2^15,SEARCH(B102,'2021'!$B$2:$B$1494,1),'2021'!$A$2:$A$1494)),"NO","SI") -> NO | F102: =IF(ISERROR(LOOKUP(2^15,SEARCH(B102,'2020'!$B$2:$B$1278,1),'2020'!$A$2:$A$1278)),"NO","SI") -> NO | G102: =IF(ISERROR(LOOKUP(2^15,SEARCH(B102,'2019'!$B$2:$B$1108,1),'2019'!$A$2:$A$1108)),"NO","SI") -> NO | H102: =IF(ISERROR(LOOKUP(2^15,SEARCH(B102,'2018'!$B$1:$B$1047,1),'2018'!$A$1:$A$1047)),"NO","SI") -> NO | I102: =IF(ISERROR(LOOKUP(2^15,SEARCH(B102,'ALERTA SANITARIA'!$B$2:$B$269,1),'2018'!$A$1:$A$1047)),"NO","SI") -> SI | J102: =IF(AND(C102="NO", I102="NO"), "Ninguno",IF(AND(C102="NO", I102="SI"), "COFEPRIS",IF(AND(C102="SI",I102="NO"),"DOF","AMBOS"))) -> COFEPRIS | K102: {=IFERROR(INDEX(Anterior!$C$1:$D$323,MATCH(B102,Anterior!$B$2:$B$323,0)+1,2),0)} -> COFEPRIS | L102: =IF(K102=J102,"coinciden",IF(K102=0,"Nuevo","Discrepan")) -> coinciden
A103: {101 | B103: Godmans | C103: =IF(ISERROR(LOOKUP(2^15,SEARCH(B103,'2023'!$B$3:$B$1734,1),'2023'!$A$3:$A$1734)),"NO","SI") -> NO | D103: =IF(ISERROR(LOOKUP(2^15,SEARCH(B103,'2022'!$B$2:$B$1591,1),'2022'!$A$2:$A$1591)),"NO","SI") -> NO | E103: =IF(ISERROR(LOOKUP(2^15,SEARCH(B103,'2021'!$B$2:$B$1494,1),'2021'!$A$2:$A$1494)),"NO","SI") -> NO | F103: =IF(ISERROR(LOOKUP(2^15,SEARCH(B103,'2020'!$B$2:$B$1278,1),'2020'!$A$2:$A$1278)),"NO","SI") -> NO | G103: =IF(ISERROR(LOOKUP(2^15,SEARCH(B103,'2019'!$B$2:$B$1108,1),'2019'!$A$2:$A$1108)),"NO","SI") -> NO | H103: =IF(ISERROR(LOOKUP(2^15,SEARCH(B103,'2018'!$B$1:$B$1047,1),'2018'!$A$1:$A$1047)),"NO","SI") -> NO | I103: =IF(ISERROR(LOOKUP(2^15,SEARCH(B103,'ALERTA SANITARIA'!$B$2:$B$269,1),'2018'!$A$1:$A$1047)),"NO","SI") -> SI | J103: =IF(AND(C103="NO", I103="NO"), "Ninguno",IF(AND(C103="NO", I103="SI"), "COFEPRIS",IF(AND(C103="SI",I103="NO"),"DOF","AMBOS"))) -> COFEPRIS | K103: {=IFERROR(INDEX(Anterior!$C$1:$D$323,MATCH(B103,Anterior!$B$2:$B$323,0)+1,2),0)} -> COFEPRIS | L103: =IF(K103=J103,"coinciden",IF(K103=0,"Nuevo","Discrepan")) -> coinciden
A104: {102 | B104: Gold | C104: NO | D104: NO | E104: NO | F104: NO | G104: NO | H104: NO | I104: =IF(ISERROR(LOOKUP(2^15,SEARCH(B104,'ALERTA SANITARIA'!$B$2:$B$269,1),'2018'!$A$1:$A$1047)),"NO","SI") -> SI | J104: =IF(AND(C104="NO", I104="NO"), "Ninguno",IF(AND(C104="NO", I104="SI"), "COFEPRIS",IF(AND(C104="SI",I104="NO"),"DOF","AMBOS"))) -> COFEPRIS | K104: {=IFERROR(INDEX(Anterior!$C$1:$D$323,MATCH(B104,Anterior!$B$2:$B$323,0)+1,2),0)} -> 0 | L104: =IF(K104=J104,"coinciden",IF(K104=0,"Nuevo","Discrepan")) -> Nuevo | P104: *aparece como variante de marca Marlboro, Gold Rush vainilla Gold Rush Cherry y Benson & Hedges Gold
...

Sheet 2018
A1: 55005 | B1: “GD”
A2: 446006 | B2: Abam Churchills 48 x 7’’
A3: 446008 | B3: Abam Coronas 43 x 6’’
A4: 446009 | B4: Abam Doble Corona 50 x 8’’
A5: 446012 | B5: Abam Entreatos 43 x 4’’
A6: 446011 | B6: Abam Gran Corona “A” 47 x 9 ¼’’
A7: 446016 | B7: Abam Lanceros 38 x 7 ½”
A8: 446010 | B8: Abam Marevas 42 x 5’’
A9: 446017 | B9: Abam Piccolinos
A10: 446015 | B10: Abam Reserva Especial 50 x 6 ½”
A11: 446007 | B11: Abam Robustos 50 x 5’’
A12: 446014 | B12: Abam Short Perfect 54 x 5 ¼” Naturales
... A1047: 209018 | B1047: Zino

Sheet 2019
A1: CLAVES | B1: MARCAS
A2: 1001 | B2: Lucky Strike 1916 C.S.
A3: 1006 | B3: Kent Wallet White C.F.
A4: 1008 | B4: Pall Mall Menthol C.F.
A5: 1010 | B5: Dunhill King Size C.D.
A6: 1013 | B6: Pall Mall 25´s Rojos C.F.
A7: 1014 | B7: Camel 14´s C.D.
A8: 1015 | B8: Camel C.D.
A9: 1016 | B9: Camel Smooth C.D.
A10: 1017 | B10: Salem C.D.
A11: 1018 | B11: Salem 83 M.M. C.D.
A12: 1019 | B12: Raleigh con Filtro
A13: 1020 | B13: Camel Natural F.F.
... A1108: 57002 | B1108: Rancher

Sheet 2020
A1: CLAVES | B1: MARCAS
A2: 1001 | B2: Lucky Strike 1916 C.S.
A3: 1006 | B3: Kent Wallet White C.F.
A4: 1008 | B4: Pall Mall Menthol C.F.
A5: 1010 | B5: Dunhill King Size C.D.
A6: 1013 | B6: Pall Mall 25´s Rojos C.F.
A7: 1014 | B7: Camel 14´s C.D.
A8: 1015 | B8: Camel C.D.
A9: 1016 | B9: Camel Smooth C.D.
A10: 1017 | B10: Salem C.D.
A11: 1018 | B11: Salem 83 M.M. C.D.
A12: 1019 | B12: Raleigh con Filtro
A13: 1020 | B13: Camel Natural F.F.
... A1278: 262003 | B1278: Perdomo

Sheet 2021
A1: CLAVES | B1: MARCAS
A2: 1006 | B2: Kent Wallet White C.F.
A3: 1026 | B3: Montana C.D.
A4: 1028 | B4: Montana Shots F.F.
A5: 1097 | B5: Kent Gold One H.L.
A6: 1100 | B6: Pall Mall Exactos 25´s F.F. C.S.
A7: 1101 | B7: Pall Mall Exactos F.F. C.S.
A8: 1102 | B8: Pall Mall Exactos Lights C.S.
A9: 1103 | B9: Pall Mall Special Lights 100´s C.D.
A10: 1108 | B10: Montana Shots 14´s
A11: 1109 | B11: Montana Shots F.F. 25´s
A12: 1118 | B12: Pall Mall XL Fresh HL
A13: 1119 | B13: Montana 100 FF
... A1494: 59003 | B1494: Daytona

Sheet 2022
A1: CLAVES | B1: MARCAS
A2: 1006 | B2: Kent Wallet White C.F.
A3: 1026 | B3: Montana C.D.
A4: 1028 | B4: Montana Shots F.F.
A5: 1097 | B5: Kent Gold One H.L.
A6: 1100 | B6: Pall Mall Exactos 25´s F.F. C.S.
A7: 1101 | B7: Pall Mall Exactos F.F. C.S.
A8: 1102 | B8: Pall Mall Exactos Lights C.S.
A9: 1103 | B9: Pall Mall Special Lights 100´s C.D.
A10: 1108 | B10: Montana Shots 14´s
A11: 1109 | B11: Montana Shots F.F. 25´s
A12: 1118 | B12: Pall Mall XL Fresh HL
A13: 1119 | B13: Montana 100 FF
... A1591: 462013 | B1591: Acid

Sheet 2023
A1: 55005 | B1: “GD”
A2: 446006 | B2: Abam Churchills 48 x 7’’
A3: 446008 | B3: Abam Coronas 43 x 6’’
A4: 446009 | B4: Abam Doble Corona 50 x 8’’
A5: 446012 | B5: Abam Entreatos 43 x 4’’
A6: 446011 | B6: Abam Gran Corona “A” 47 x 9 ¼’’
A7: 446016 | B7: Abam Lanceros 38 x 7 ½”
A8: 446010 | B8: Abam Marevas 42 x 5’’
A9: 446017 | B9: Abam Piccolinos
A10: 446015 | B10: Abam Reserva Especial 50 x 6 ½”
A11: 446007 | B11: Abam Robustos 50 x 5’’
A12: 446014 | B12: Abam Short Perfect 54 x 5 ¼” Naturales
... A946: 32110 | B946: Marboro Mild 14´s
A947: CLAVES | B947: MARCAS
A948: 208021 | B948: Mariachi
A949: 32226 | B949: Marlboro (Red 2.5) 100 Box
A950: 32256 | B950: Marlboro (Red 2.5) 100 Box 20 STD | Viva MX
A951: 32255 | B951: Marlboro (Red 2.5) LS Box 20 STD | Viva MX
A952: 32207 | B952: Marlboro (Red FWD Caps) 100 Box 20
A953: 32175 | B953: Marlboro (Red Upgrade) LS Box 18
A954: 32031 | B954: Marlboro 100
A955: 32011 | B955: Marlboro 14’s
A956: 32183 | B956: Marlboro Advance KS Box 20
A957: 32206 | B957: Marlboro Amber Advance 100 Box 20
A958: 32124 | B958: Marlboro Black Freeze MNT Ks Box
A959: 32261 | B959: Marlboro Blossom Mist 100 Box 20 STD
... A1733: 409044 | B1733: Zino

Sheet ALERTA SANITARIA
B2: 90210
B3: Ace Club
B4: Admiral
B5: After hours
B6: After the City Dark
B7: Alamo
B8: Amsterdam
B9: Anchor
B10: Aristocrat
B11: Armada
B12: Ashford Blue
B13: Aura emotions
B14: Avalon S
... B203: Razor
B204: Razor azul | C204: Se agregó en revisión Belén: 3 de julio (después de últ rev Khayr)
B205: Red Smoke
B206: Reef
B207: Regular
B208: Rey
B209: Richman Royal
B210: Rock
B211: Roman
B212: Romantic
B213: Rose
B214: Royal
B215: Royal Club
B216: Royal Trident
... B239: Speed
B240: Speedway | C240: Se agregó en revisión Belén: 3 de julio (después de últ rev Khayr)
B241: STERLING EXVCLUSIVE EDITION
B242: Strand
B243: SunCity Menthol
B244: Supreme
B245: Swift
B246: Tiger
B247: Tijuana
B248: Top 20
B249: Trident
B250: Trotter
B251: Troy
B252: U.S. Tobacco de México S.A.***
... B269: XO

Sheet Anterior
A1: Consecutivo | B1: Marca | C1: Legal/Ilegal | D1: Ubicación | E1: Fecha de publicación de alerta | F1: Fecha de publicación de RMF | G1: GATS 2009 | H1: ENA 2011 | I1: GATS 2015 | J1: ENCODAT 2016
A2: 1 | B2: Ace Club | C2: Ilegal | D2: COFEPRIS | E2: 43252 | G2: 0 | H2: 0 | I2: 0 | J2: 0
A3: 2 | B3: Admiral | C3: Ilegal | D3: COFEPRIS | E3: 43252 | G3: 0 | H3: 0 | I3: 0 | J3: 0
A4: 3 | B4: After hours | C4: Ilegal | D4: COFEPRIS | E4: 43252 | G4: 0 | H4: 0 | I4: 0 | J4: 0
A5: 4 | B5: Alamo | C5: Ilegal | D5: COFEPRIS | E5: 43252 | G5: 0 | H5: 0 | I5: 1 | J5: 1
A6: 5 | B6: Alas | C6: Legal | D6: DOF | F6: 40026 | G6: 0 | H6: 1 | I6: 1 | J6: 1
A7: 6 | B7: Amsterdam | C7: Ilegal | D7: COFEPRIS | E7: 43252 | G7: 1 | H7: 0 | I7: 0 | J7: 0
A8: 7 | B8: Anchor | C8: Ilegal | D8: COFEPRIS | E8: 43252 | G8: 0 | H8: 0 | I8: 0 | J8: 0
A9: 8 | B9: Aristocrat | C9: Ilegal | D9: COFEPRIS | E9: 43252 | G9: 0 | H9: 0 | I9: 0 | J9: 0
A10: 9 | B10: Armada | C10: Ilegal | D10: COFEPRIS | E10: 43252 | G10: 0 | H10: 0 | I10: 0 | J10: 0
A11: 10 | B11: Asford Blue | C11: Ilegal | D11: Ninguno | G11: 0 | H11: 0 | I11: 0 | J11: 0
A12: 11 | B12: AX Full Flavor | C12: Ilegal | D12: COFEPRIS | E12: 43252 | G12: 0 | H12: 0 | I12: 0 | J12: 0
A13: 12 | B13: Baronet | C13: Legal | D13: DOF | F13: 40026 | G13: 0 | H13: 0 | I13: 1 | J13: 1
A14: 13 | B14: B&B (Bull & Bears) | C14: Ilegal | D14: COFEPRIS | E14: 43252 | G14: 0 | H14: 0 | I14: 0 | J14: 0
A15: 14 | B15: B&J | C15: Ilegal | D15: COFEPRIS | E15: 43252 | G15: 0 | H15: 0 | I15: 0 | J15: 0
A16: 15 | B16: Benson & Hedges | C16: Legal | D16: DOF | F16: 40026 | G16: 1 | H16: 1 | I16: 1 | J16: 1
A17: 16 | B17: Bentley | C17: Ilegal | D17: COFEPRIS | E17: 43252 | G17: 0 | H17: 0 | I17: 0 | J17: 0
A18: 17 | B18: Biasha Nise | C18: Ilegal | D18: COFEPRIS | E18: 43252 | G18: 0 | H18: 0 | I18: 0 | J18: 0
A19: 18 | B19: Big Chief | C19: Ilegal | D19: COFEPRIS | E19: 43252 | G19: 0 | H19: 0 | I19: 0 | J19: 0
A20: 19 | B20: Birmingham | C20: Ilegal | D20: COFEPRIS | E20: 43252 | G20: 0 | H20: 0 | I20: 0 | J20: 0
A21: 20 | B21: Black and White | C21: Ilegal | D21: COFEPRIS | E21: 43252 | G21: 0 | H21: 0 | I21: 0 | J21: 0
A22: 21 | B22: Black Jack | C22: Ilegal | D22: Ambos | F22: 23/12/2015 para 2016 | G22: 0 | H22: 0 | I22: 0 | J22: 1
A23: 22 | B23: Black Horse Stallion | C23: Ilegal | D23: COFEPRIS | E23: 43252 | G23: 0 | H23: 0 | I23: 0 | J23: 0
A24: 23 | B24: Blend Type Box | C24: Ilegal | D24: COFEPRIS | E24: 43252 | G24: 0 | H24: 0 | I24: 0 | J24: 0
A25: 24 | B25: Blitz | C25: Ilegal | D25: COFEPRIS | E25: 43252 | G25: 0 | H25: 0 | I25: 0 | J25: 0
A26: 25 | B26: Blue River | C26: Ilegal | D26: COFEPRIS | E26: 43252 | G26: 0 | H26: 0 | I26: 1 | J26: 1
A27: 26 | B27: Bohemios | C27: Legal | D27: DOF | F27: 40026 | G27: 0 | H27: 0 | I27: 1 | J27: 1
A28: 27 | B28: Boaz | C28: Ilegal | D28: COFEPRIS | E28: 43252 | G28: 0 | H28: 0 | I28: 0 | J28: 0
A29: 28 | B29: Boots | C29: Legal | D29: DOF | F29: 40026 | G29: 1 | H29: 1 | I29: 1 | J29: 1
A30: 29 | B30: Brass | C30: Ilegal | D30: COFEPRIS | E30: 43252 | G30: 0 | H30: 0 | I30: 0 | J30: 1
A31: 30 | B31: Bright | C31: Ilegal | D31: COFEPRIS | E31: 43252 | G31: 0 | H31: 0 | I31: 0 | J31: 1
A32: 31 | B32: Bronco | C32: Ilegal | D32: COFEPRIS | E32: 43252 | G32: 0 | H32: 0 | I32: 0 | J32: 0
A33: 32 | B33: Buffalo | C33: Ilegal | D33: COFEPRIS | E33: 43252 | G33: 0 | H33: 0 | I33: 0 | J33: 0
A34: 33 | B34: Bulls eye | C34: Ilegal | D34: COFEPRIS | E34: 43252 | G34: 0 | H34: 0 | I34: 0 | J34: 0
A35: 34 | B35: Bulls | C35: Ilegal | D35: COFEPRIS | E35: 43252 | G35: 0 | H35: 0 | I35: 0 | J35: 0
A36: 35 | B36: Burton | C36: Ilegal | D36: COFEPRIS | E36: 43252 | G36: 0 | H36: 0 | I36: 0 | J36: 0
A37: 36 | B37: Caesar Park | C37: Ilegal | D37: COFEPRIS | E37: 43252 | G37: 0 | H37: 0 | I37: 0 | J37: 0
A38: 37 | B38: Camel | C38: Legal | D38: DOF | F38: 40026 | G38: 1 | H38: 1 | I38: 1 | J38: 1
A39: 38 | B39: Capital | C39: Ilegal | D39: COFEPRIS | E39: 43252 | G39: 0 | H39: 0 | I39: 0 | J39: 0
A40: 39 | B40: Capri | C40: Ilegal | D40: COFEPRIS | E40: 43252 | G40: 0 | H40: 1 | I40: 0 | J40: 1
A41: 40 | B41: Casino Royale | C41: Ilegal | D41: COFEPRIS | E41: 43252 | G41: 0 | H41: 0 | I41: 0 | J41: 0
A42: 41 | B42: Champ | C42: Ilegal | D42: COFEPRIS | E42: 43252 | G42: 0 | H42: 0 | I42: 0 | J42: 0
A43: 42 | B43: Chelsea | C43: Ilegal | D43: Ninguno | G43: 0 | H43: 0 | I43: 0 | J43: 1
A44: 43 | B44: Cherry | C44: Legal | D44: DOF | F44: 40026 | G44: 0 | H44: 0 | I44: 1 | J44: 1
A45: 44 | B45: Chess | C45: Ilegal | D45: COFEPRIS | E45: 43252 | G45: 0 | H45: 0 | I45: 0 | J45: 0
A46: 45 | B46: Chesterfield | C46: Legal | D46: DOF | F46: 40026 | G46: 0 | H46: 0 | I46: 1 | J46: 1
A47: 46 | B47: Chiapas | C47: Ilegal | D47: COFEPRIS | E47: 43252 | G47: 0 | H47: 0 | I47: 0 | J47: 0
A48: 47 | B48: Chicago | C48: Ilegal | D48: COFEPRIS | E48: 43252 | G48: 0 | H48: 0 | I48: 0 | J48: 0
A49: 48 | B49: Cig One | C49: Ilegal | D49: COFEPRIS | E49: 43252 | G49: 0 | H49: 0 | I49: 0 | J49: 0
A50: 49 | B50: Cohiba | C50: Legal | D50: DOF | F50: 40026 | G50: 0 | H50: 0 | I50: 1 | J50: 0
A51: 50 | B51: Comanches | C51: Ilegal | D51: Ninguno | G51: 0 | H51: 0 | I51: 0 | J51: 1
A52: 51 | B52: Compass | C52: Ilegal | D52: COFEPRIS | E52: 43252 | G52: 0 | H52: 0 | I52: 0 | J52: 0
A53: 52 | B53: D&J | C53: Ilegal | D53: COFEPRIS | E53: 43252 | G53: 0 | H53: 0 | I53: 0 | J53: 1
A54: 53 | B54: D&Y | C54: Ilegal | D54: COFEPRIS | E54: 43252 | G54: 0 | H54: 0 | I54: 0 | J54: 0
A55: 54 | B55: Dalton | C55: Legal | D55: DOF | F55: 40026 | G55: 0 | H55: 0 | I55: 1 | J55: 1
A56: 55 | B56: Dark | C56: Ilegal | D56: COFEPRIS | E56: 43252 | G56: 0 | H56: 0 | I56: 0 | J56: 0
A57: 56 | B57: Dart | C57: Ilegal | D57: COFEPRIS | E57: 43252 | G57: 0 | H57: 1 | I57: 1 | J57: 1
A58: 57 | B58: Deal | C58: Ilegal | D58: COFEPRIS | E58: 43252 | G58: 0 | H58: 0 | I58: 0 | J58: 0
A59: 58 | B59: Delicados | C59: Legal | D59: DOF | F59: 40026 | G59: 1 | H59: 1 | I59: 1 | J59: 1
A60: 59 | B60: Del Prado | C60: Legal | D60: DOF | F60: 40026 | G60: 0 | H60: 0 | I60: 0 | J60: 1
A61: 60 | B61: Demin | C61: Ilegal | D61: COFEPRIS | E61: 43252 | G61: 0 | H61: 0 | I61: 0 | J61: 0
A62: 61 | B62: Domino | C62: Ilegal | D62: COFEPRIS | E62: 43252 | G62: 0 | H62: 0 | I62: 0 | J62: 0
A63: 62 | B63: Double | C63: Ilegal | D63: COFEPRIS | E63: 43252 | G63: 0 | H63: 0 | I63: 0 | J63: 0
A64: 63 | B64: Dragon | C64: Ilegal | D64: COFEPRIS | E64: 43252 | G64: 0 | H64: 0 | I64: 0 | J64: 0
A65: 64 | B65: Dunhill | C65: Legal | D65: DOF | F65: 40026 | G65: 0 | H65: 0 | I65: 0 | J65: 0
A66: 65 | B66: Dunston | C66: Ilegal | D66: COFEPRIS | E66: 43252 | G66: 0 | H66: 0 | I66: 0 | J66: 0
A67: 66 | B67: DY Classic | C67: Ilegal | D67: COFEPRIS | E67: 43252 | G67: 0 | H67: 0 | I67: 0 | J67: 0
A68: 67 | B68: Easy | C68: Ilegal | D68: COFEPRIS | E68: 43252 | G68: 0 | H68: 0 | I68: 0 | J68: 0
A69: 68 | B69: Eiffel | C69: Ilegal | D69: COFEPRIS | E69: 43252 | G69: 0 | H69: 0 | I69: 0 | J69: 0
A70: 69 | B70: El Capo | C70: Ilegal | D70: COFEPRIS | E70: 43252 | G70: 0 | H70: 0 | I70: 0 | J70: 0
A71: 70 | B71: El Elegante | C71: Ilegal | D71: COFEPRIS | E71: 43252 | G71: 0 | H71: 0 | I71: 0 | J71: 1
A72: 71 | B72: El Rey | C72: Ilegal | D72: COFEPRIS | E72: 43252 | G72: 0 | H72: 0 | I72: 0 | J72: 0
A73: 72 | B73: Elephant | C73: Ilegal | D73: COFEPRIS | E73: 43252 | G73: 0 | H73: 0 | I73: 1 | J73: 1
A74: 73 | B74: Elite | C74: Ilegal | D74: COFEPRIS | E74: 43252 | G74: 0 | H74: 0 | I74: 1 | J74: 1
A75: 74 | B75: Empire | C75: Ilegal | D75: COFEPRIS | E75: 43252 | G75: 0 | H75: 0 | I75: 0 | J75: 0
A76: 75 | B76: Esparta | C76: Ilegal | D76: COFEPRIS | E76: 43252 | G76: 0 | H76: 0 | I76: 0 | J76: 0
A77: 76 | B77: Euro | C77: Ilegal | D77: COFEPRIS | E77: 43252 | G77: 1 | H77: 1 | I77: 0 | J77: 1
A78: 77 | B78: Evidence | C78: Ilegal | D78: COFEPRIS | E78: 43252 | G78: 0 | H78: 0 | I78: 0 | J78: 0
A79: 78 | B79: Exactos | C79: Legal | D79: DOF | F79: 40026 | G79: 1 | H79: 1 | I79: 0 | J79: 1
A80: 79 | B80: Fama | C80: Ilegal | D80: COFEPRIS | E80: 43252 | G80: 0 | H80: 0 | I80: 0 | J80: 0
A81: 80 | B81: Faros | C81: Legal | D81: DOF | F81: 40026 | G81: 1 | H81: 1 | I81: 1 | J81: 1
A82: 81 | B82: Farstar | C82: Ilegal | D82: COFEPRIS | E82: 43252 | G82: 0 | H82: 0 | I82: 1 | J82: 1
A83: 82 | B83: Fiesta | C83: Legal | D83: DOF | F83: 40026 | G83: 1 | H83: 1 | I83: 1 | J83: 1
A84: 83 | B84: Fire Dance | C84: Legal | D84: DOF | F84: 2015 | G84: 0 | H84: 0 | I84: 0 | J84: 0
A85: 84 | B85: Flash | C85: Ilegal | D85: COFEPRIS | E85: 43252 | G85: 0 | H85: 0 | I85: 0 | J85: 0
A86: 85 | B86: Flore | C86: Legal | D86: Ninguno | G86: 0 | H86: 0 | I86: 0 | J86: 1
A87: 86 | B87: Forastero | C87: Ilegal | D87: COFEPRIS | E87: 43252 | G87: 0 | H87: 0 | I87: 0 | J87: 0
A88: 87 | B88: Fortuna | C88: Legal | D88: DOF | F88: 40026 | G88: 1 | H88: 1 | I88: 1 | J88: 1
A89: 88 | B89: Fox | C89: Ilegal | D89: COFEPRIS | E89: 43252 | G89: 0 | H89: 1 | I89: 0 | J89: 1
A90: 89 | B90: Fugitivo | C90: Ilegal | D90: COFEPRIS | E90: 43252 | G90: 0 | H90: 0 | I90: 0 | J90: 0
A91: 90 | B91: FX | C91: Ilegal | D91: COFEPRIS | E91: 43252 | G91: 0 | H91: 0 | I91: 0 | J91: 0
A92: 91 | B92: Garañon | C92: Legal | D92: DOF | F92: 2015 | G92: 0 | H92: 0 | I92: 1 | J92: 0
A93: 92 | B93: GD | C93: Ilegal | D93: COFEPRIS | E93: 43252 | G93: 0 | H93: 0 | I93: 0 | J93: 0
A94: 93 | B94: Gem | C94: Ilegal | D94: COFEPRIS | E94: 43252 | G94: 0 | H94: 0 | I94: 1 | J94: 0
A95: 94 | B95: General | C95: Ilegal | D95: COFEPRIS | E95: 43252 | G95: 0 | H95: 0 | I95: 0 | J95: 0
A96: 95 | B96: Gentori | C96: Ilegal | D96: COFEPRIS | E96: 43252 | G96: 0 | H96: 0 | I96: 0 | J96: 0
A97: 96 | B97: Glory | C97: Ilegal | D97: COFEPRIS | E97: 43252 | G97: 0 | H97: 0 | I97: 0 | J97: 0
A98: 97 | B98: Goal | C98: Ilegal | D98: COFEPRIS | E98: 43252 | G98: 0 | H98: 0 | I98: 0 | J98: 0
A99: 98 | B99: Godmans | C99: Ilegal | D99: COFEPRIS | E99: 43252 | G99: 0 | H99: 0 | I99: 0 | J99: 0
A100: 99 | B100: Gold | C100: Legal | F100: 40026 | G100: 0 | H100: 0 | I100: 1 | J100: 1
...
